,PLAYER_ID,PLAYER_NAME,SEASON,HEIGHT_WO_SHOES,WEIGHT,WINGSPAN,STANDING_REACH,STANDING_VERTICAL_LEAP,MAX_VERTICAL_LEAP,LANE_AGILITY_TIME,THREE_QUARTER_SPRINT,BENCH_PRESS
0,2403,Nene ,2002,81.25,253,88.5,109.0,30.0,34.0,10.73,3.19,16.0
1,12204,Mohamed Abukar,2007,80.0,210,81.0,103.0,30.5,35.0,11.78,3.37,15.0
2,101165,Alex Acker,2005,75.75,183,84.0,102.5,28.0,32.0,11.67,3.35,11.0
3,203112,Quincy Acy,2012,78.5,223.8,86.75,106.5,32.0,37.0,10.48,3.28,13.0
4,203500,Steven Adams,2013,82.75,254.5,88.5,109.5,28.5,33.0,11.85,3.4,16.0
5,203919,Jordan Adams,2014,75.5,208.8,82.0,102.0,24.5,29.5,12.13,3.5,
6,1628389,Edrice Adebayo,2017,80.75,242.6,86.75,108.0,33.5,38.5,11.94,3.24,12.0
7,12123,Kenny Adeleke,2006,78.5,250,82.25,104.0,28.5,30.5,11.57,3.47,26.0
8,202399,Jeff Adrien,2009,77.25,236.2,86.0,107.5,27.5,31.5,11.34,3.32,16.0
9,200772,Maurice Ager,2006,75.25,203,79.75,101.5,29.5,35.0,11.73,3.22,11.0
10,101224,Deji Akindele,2005,81.5,236.4,87.0,108.5,30.5,32.5,12.58,3.35,13.0
11,200969,Mustafa Al-Sayyad,2005,,,,,26.5,30.5,11.56,3.42,
12,202374,Solomon Alabi,2010,83.5,237.4,89.0,113.0,22.5,26.0,13.2,3.68,10.0
13,202332,Cole Aldrich,2010,81.0,236,88.75,111.5,23.0,28.0,11.48,3.35,10.0
14,200746,LaMarcus Aldridge,2006,82.0,234,88.75,110.0,26.5,34.0,12.02,3.43,8.0
15,12104,Nemanja Aleksandrov,2005,82.0,220.6,83.0,110.0,,,,,5.0
16,201570,Joe Alexander,2008,79.25,220,83.5,106.0,32.5,38.5,11.33,2.99,24.0
17,1626146,Cliff Alexander,2015,79.25,239.2,87.5,109.5,,,,,
18,1629638,Nickeil Alexander-Walker,2019,76.25,203.8,81.5,102.0,,,,,
19,1628959,Rawle Alkins,2018,74.75,217.4,80.75,99.0,32.5,40.5,11.5,3.15,10.0
20,1628959,Rawle Alkins,2017,74.5,222.6,80.75,99.0,31.5,40.5,11.99,3.3,7.0
21,2124,Malik Allen,2000,80.25,271,86.5,109.0,25.5,29.0,11.83,3.38,13.0
22,2754,Tony Allen,2004,75.5,214,81.0,102.0,31.5,36.5,10.7,3.19,17.0
23,1628960,Grayson Allen,2018,75.0,198,79.25,97.0,32.5,40.5,10.31,3.15,
24,1628386,Jarrett Allen,2017,81.0,233.6,89.25,109.5,31.5,35.5,11.82,3.21,4.0
25,1628443,Kadeem Allen,2017,73.0,192.4,81.25,99.5,33.0,35.5,11.24,3.15,7.0
26,12033,Adam Allenspach,2001,83.5,259,84.5,107.0,28.5,31.0,11.9,3.4,16.0
27,201165,Morris Almond,2006,76.75,214,82.0,102.5,31.0,35.5,11.45,3.19,13.0
28,202329,Al-Farouq Aminu,2010,79.25,216,87.25,108.5,27.0,33.5,11.29,3.3,13.0
29,200811,Lou Amundson,2006,79.2,221,83.5,103.5,32.0,35.5,10.58,3.2,14.0
30,200995,Aloysius Anagonye,2003,78.75,257,86.5,106.0,31.0,34.5,12.93,3.3,6.0
31,12072,Rick Anderson,2003,80.25,216,83.0,106.5,26.0,30.5,11.23,3.4,6.0
32,101187,Alan Anderson,2005,76.5,223.2,81.5,104.0,26.5,30.5,10.32,3.27,10.0
33,202151,Rashad Anderson,2006,75.25,224,79.0,100.0,27.5,32.5,11.77,3.48,13.0
34,202341,James Anderson,2010,76.75,207.6,80.5,104.0,30.0,35.5,11.86,3.19,14.0
35,203937,Kyle Anderson,2014,79.5,230.1,86.75,107.5,,,,,
36,1626147,Justin Anderson,2015,77.25,230.6,83.75,101.0,38.0,43.0,11.13,3.22,12.0
37,101149,Martynas Andriuskevicius,2005,85.25,227.8,83.25,112.5,24.0,27.5,11.94,3.42,0.0
38,1628387,Ike Anigbogu,2017,80.5,252.2,90.25,110.5,29.5,32.5,12.52,3.44,11.0
39,1628961,Kostas Antetokounmpo,2018,81.0,194.8,86.25,110.0,29.5,35.0,12.48,3.21,0.0
40,203648,Thanasis Antetokounmpo,2014,77.25,205.2,84.0,104.5,31.5,39.5,11.39,3.18,
41,2546,Carmelo Anthony,2003,78.25,233,84.0,105.5,30.5,33.5,11.4,3.15,7.0
42,1628384,OG Anunoby,2017,78.25,232.4,86.25,107.5,,,,,
43,12019,Harold Arceneaux,2000,76.5,219,80.5,103.0,,29.0,13.8,,0.0
44,2425,Robert Archibald,2002,82.0,250,83.75,109.5,24.0,27.5,11.34,3.33,10.0
45,2240,Gilbert Arenas,2001,74.25,199,81.5,99.5,31.5,36.0,,3.25,12.0
46,2772,Trevor Ariza,2004,79.0,201,86.0,107.5,29.5,32.0,11.63,3.29,8.0
47,2220,Brandon Armstrong,2001,75.5,188,81.5,99.5,30.0,37.0,10.91,3.2,6.0
48,200756,Hilton Armstrong,2006,81.5,240,88.0,109.0,28.5,31.5,12.28,3.53,13.0
49,201589,Darrell Arthur,2008,79.5,216,82.75,107.0,28.5,30.0,12.18,3.14,12.0
50,1628503,Jamel Artis,2017,77.5,213.2,82.0,105.0,23.5,31.0,11.62,3.44,5.0
51,1626165,Brandon Ashley,2015,79.25,228,87.75,105.0,31.5,35.5,11.21,3.58,9.0
52,201571,D.J. Augustin,2008,70.0,171.5,75.5,94.5,28.5,35.0,11.27,3.07,2.0
53,200788,James Augustine,2006,80.25,227,84.25,104.0,30.0,32.5,10.54,3.25,13.0
54,201965,Jeff Ayres,2009,80.75,239.6,85.0,107.0,31.0,35.0,11.98,3.14,15.0
55,1628962,Udoka Azubuike,2018,82.0,273.8,91.0,112.5,31.0,31.5,12.97,3.12,11.0
56,202337,Luke Babbitt,2010,79.5,217.8,83.25,104.5,29.5,37.5,10.98,3.4,15.0
57,203947,Jordan Bachynski,2014,85.25,254.1,88.0,108.5,29.0,33.0,12.15,3.36,
58,1628407,Dwayne Bacon,2017,76.75,221.6,82.0,103.5,30.0,36.5,11.7,3.22,8.0
59,203946,Cameron Bairstow,2014,80.75,252.4,84.75,107.0,31.0,33.5,11.39,3.37,
60,2486,Maurice Baker,2002,71.75,178,76.0,96.0,29.5,33.0,12.19,3.29,2.0
61,1627758,Ron Baker,2016,75.25,212.4,81.75,97.5,30.0,35.5,10.77,3.45,
62,1627735,Wade Baldwin IV,2016,74.5,201.8,83.25,100.0,32.5,38.0,10.45,3.19,
63,200764,Renaldo Balkman,2006,77.25,206,85.0,104.5,30.5,35.0,11.58,3.22,9.0
64,1628964,Mohamed Bamba,2018,83.25,225.6,94.0,115.5,,,,,
65,101252,Sean Banks,2005,77.75,206.4,85.0,108.0,25.0,31.5,11.74,3.35,7.0
66,1627760,Cat Barber,2016,73.5,173,77.5,95.5,,,,,
67,1628965,Jaylen Barford,2018,73.25,207.6,75.5,96.5,27.0,33.0,11.39,3.31,7.0
68,12020,Lamont Barnes,2000,80.5,235.5,87.5,108.0,28.0,29.5,12.3,3.4,10.0
69,2440,Matt Barnes,2002,78.75,226,81.0,96.5,35.5,40.5,10.68,3.28,11.0
70,203084,Harrison Barnes,2012,79.0,227.8,83.25,101.5,38.0,39.5,10.93,3.16,15.0
71,2857,Andre Barrett,2004,68.75,171,73.0,92.0,29.0,34.5,10.63,3.08,13.0
72,1629628,RJ Barrett,2019,,,,,,,,,
73,12286,Lubos Barton,2002,78.5,221,84.0,107.0,25.5,31.5,11.2,3.31,14.0
74,203115,Will Barton,2012,77.0,174.4,81.75,102.5,30.0,34.0,12.5,3.6,0.0
75,101188,Eddie Basden,2005,76.25,210,82.25,101.0,33.0,36.5,10.52,3.21,14.0
76,101138,Brandon Bass,2004,78.25,246,86.5,106.5,31.5,33.0,11.61,3.24,18.0
77,1629646,Charles Bassey,2019,80.75,239,87.5,109.5,29.0,33.0,12.65,3.53,7.0
78,1628966,Keita Bates-Diop,2018,79.25,223.8,87.25,106.5,30.5,35.0,11.2,3.17,11.0
79,12124,J.P. Batista,2006,79.5,265,82.0,103.5,26.0,30.5,11.62,3.38,26.0
80,2203,Shane Battier,2001,80.25,229,82.5,105.0,29.5,33.0,10.95,3.3,12.0
81,1628967,Tyus Battle,2018,77.0,200.2,81.0,102.0,32.0,37.5,11.04,3.07,9.0
82,2437,Lonny Baxter,2002,78.25,264,85.5,107.5,28.0,32.5,11.77,3.21,14.0
83,201573,Jerryd Bayless,2008,73.75,204,75.5,97.0,31.0,38.0,11.26,3.07,10.0
84,1629647,Darius Bazley,2019,79.75,208.4,84.0,107.0,30.5,37.0,11.09,3.27,4.0
85,1628431,V.J. Beachem,2017,78.25,193.4,82.25,104.5,30.0,37.0,11.18,3.26,11.0
86,203078,Bradley Beal,2012,75.25,201.8,80.0,100.0,33.0,39.0,10.95,3.28,8.0
87,2602,Jerome Beasley,2003,81.0,237,84.5,107.0,27.0,32.0,11.36,3.25,10.0
88,201563,Michael Beasley,2008,79.0,239,84.25,107.0,30.0,35.0,11.06,3.24,19.0
89,1627736,Malik Beasley,2016,75.5,189.8,79.0,100.5,,,,,
90,201958,Rodrigue Beaubois,2009,73.25,182.4,81.75,100.0,29.5,39.0,10.49,3.15,3.0
91,12034,Cookie Belcher,2001,75.0,206,80.5,99.0,35.0,41.5,11.26,2.91,7.0
92,2294,Charlie Bell,2001,74.5,200,79.5,97.5,31.5,38.0,10.59,3.12,15.0
93,2559,Troy Bell,2003,72.25,178,77.0,97.5,34.5,41.0,10.89,3.06,17.0
94,12105,Mike Bell,2005,80.75,206.2,85.5,104.5,33.5,39.5,11.73,3.29,13.0
95,1628395,Jordan Bell,2017,79.0,223.6,83.75,104.5,31.5,38.0,10.63,3.21,16.0
96,1627761,DeAndre Bembry,2016,76.25,206.6,81.25,101.0,32.0,38.0,10.9,3.17,
97,12287,Lee Benson,2002,80.25,217,85.75,109.0,27.5,32.5,11.44,3.29,14.0
98,202728,Keith Benson,2011,82.0,217,87.75,109.5,31.5,36.0,11.88,3.35,12.0
99,1627791,Ben Bentil,2016,79.25,229.2,85.5,105.0,29.0,33.0,11.16,3.3,
100,2740,Andris Biedrins,2004,,,,,,,,,
101,203920,Khem Birch,2014,79.5,208.8,85.0,107.0,30.5,35.5,11.6,3.26,
102,201971,DeJuan Blair,2009,77.25,276.6,86.0,106.5,26.0,33.0,11.5,3.45,18.0
103,200807,Will Blalock,2006,71.25,194,78.0,96.5,35.0,40.0,11.08,3.18,8.0
104,12073,LaVell Blanchard,2003,78.0,205,78.0,101.5,33.5,36.5,11.64,3.38,12.0
105,12131,Mario Bland,2000,77.5,287,84.0,103.0,27.0,31.0,13.04,3.47,15.0
106,202339,Eric Bledsoe,2010,72.25,191.6,79.5,98.0,,,,,9.0
107,1628417,Jaron Blossomgame,2016,78.25,213.6,82.0,102.0,35.0,41.0,11.53,3.2,
108,1628417,Jaron Blossomgame,2017,77.75,218.6,82.0,104.5,31.0,35.5,11.47,3.17,16.0
109,203505,Vander Blue,2013,75.5,197.4,78.0,100.5,28.0,37.5,10.4,3.14,4.0
110,1626207,Ryan Boatright,2015,70.0,169.6,72.5,92.5,32.0,41.0,10.71,3.26,10.0
111,2800,Tony Bobbitt,2004,74.75,185,79.0,100.0,,,,,1.0
112,12173,Brian Boddicker,2004,79.5,230,82.0,105.5,28.0,30.0,10.93,3.25,16.0
113,2586,Keith Bogans,2003,76.25,213,81.25,101.0,29.5,35.0,11.43,3.25,10.0
114,12205,Mario Boggan,2007,77.0,240,86.0,107.0,24.0,26.5,12.18,3.45,12.0
115,101106,Andrew Bogut,2005,83.0,250.6,87.0,110.5,27.5,33.5,12.06,3.51,13.0
116,1629626,Bol Bol,2019,84.75,208,91.0,115.5,,,,,
117,1627762,Joel Bolomboy,2016,79.5,224.4,85.75,103.5,37.5,40.5,10.26,3.17,
118,1629648,Jordan Bone,2019,73.5,179,75.25,95.0,36.0,42.5,9.97,3.08,7.0
119,2588,Matt Bonner,2003,80.5,242,80.75,105.5,27.0,32.0,11.52,3.32,20.0
120,202344,Trevor Booker,2010,78.25,235.8,81.75,106.0,31.0,36.0,11.15,3.1,22.0
121,1626164,Devin Booker,2015,76.5,205.8,80.25,102.5,27.5,34.5,10.27,3.28,8.0
122,2430,Carlos Boozer,2002,79.75,258,86.25,108.5,26.5,28.5,10.77,3.31,13.0
123,2414,Curtis Borchardt,2002,82.75,238,86.5,112.0,24.0,27.0,12.56,3.63,7.0
124,2547,Chris Bosh,2003,82.25,225,87.5,109.0,30.5,33.0,11.8,3.3,9.0
125,1628449,Chris Boucher,2017,80.0,182.2,88.0,110.5,,,,,
126,2257,Ruben Boumtje-Boumtje,2001,83.5,245,88.0,111.0,26.5,31.0,11.84,3.33,6.0
127,1628968,Brian Bowen,2018,78.25,202,82.25,103.5,30.5,34.0,11.58,3.28,0.0
128,1628968,Brian Bowen II,2019,78.25,200,82.0,103.0,32.0,35.5,10.98,3.26,1.0
129,12174,Tim Bowers,2004,72.5,181,81.0,98.0,37.0,43.5,11.24,3.21,13.0
130,12035,Calvin Bowman,2001,80.75,214,83.5,104.0,28.5,34.5,11.96,3.21,7.0
131,200847,Brandon Bowman,2006,78.75,209,83.5,103.0,31.0,34.0,11.41,3.31,24.0
132,1629065,Ky Bowman,2019,73.0,181.2,79.0,98.0,27.5,33.0,11.11,3.26,4.0
133,2651,Jermaine Boyette,2003,73.0,187,76.0,96.0,29.0,35.5,11.2,3.07,14.0
134,202342,Craig Brackins,2010,80.5,229,84.0,109.0,26.0,35.0,11.65,3.39,6.0
135,2214,Michael Bradley,2001,81.5,227,85.5,107.0,27.0,30.0,11.11,3.35,13.0
136,12239,Ramel Bradley,2008,73.25,184,77.0,98.0,24.5,29.5,10.68,3.24,9.0
137,202340,Avery Bradley,2010,74.0,180.4,79.25,98.5,31.5,37.5,11.47,3.14,2.0
138,1628396,Tony Bradley,2017,81.25,248.8,89.0,112.5,24.5,27.5,11.79,3.44,5.0
139,12206,Craig Bradshaw,2007,80.0,240,85.5,106.5,26.0,28.0,11.88,3.54,12.0
140,1629649,Ignas Brazdeikis,2019,77.75,220.8,81.25,102.0,31.0,36.5,11.06,3.36,13.0
141,12240,Tyrone Brazelton,2008,70.0,166,73.75,94.0,30.0,34.0,11.59,3.25,8.0
142,2452,J.R. Bremer,2002,73.25,188,74.25,96.0,30.0,35.5,10.93,3.1,24.0
143,2249,Jamison Brewer,2001,74.5,178,80.75,102.5,26.0,32.5,9.65,3.15,12.0
144,200758,Ronnie Brewer,2006,77.75,223,83.25,103.5,35.0,41.0,11.32,3.14,19.0
145,201147,Corey Brewer,2007,78.0,185,80.25,103.0,30.5,36.5,11.69,3.22,11.0
146,2056,Primoz Brezec,2000,84.75,243,86.0,110.0,26.0,29.5,11.53,3.55,
147,1628970,Miles Bridges,2018,77.25,220.4,81.5,103.5,,,,,
148,1628515,Isaiah Briscoe,2017,73.25,222.4,81.0,99.5,28.0,33.5,10.95,3.38,11.0
149,1629052,O'Shae Brissett,2019,79.0,203.2,84.0,104.0,34.0,37.5,11.3,3.48,11.0
150,1627763,Malcolm Brogdon,2016,75.75,223,82.5,98.0,30.5,35.5,10.77,3.31,
151,201166,Aaron Brooks,2007,70.0,161,76.0,94.0,32.5,39.5,10.57,3.2,6.0
152,202705,Marshon Brooks,2011,76.25,194.6,85.0,101.0,34.0,38.5,10.74,3.09,5.0
153,1628415,Dillon Brooks,2017,77.0,220.2,78.0,100.5,31.0,37.5,11.14,3.21,16.0
154,2081,Ernest Brown,2000,82.0,222.5,85.25,109.5,,,,,2.0
155,2198,Kwame Brown,2001,82.0,243,85.0,108.0,30.0,33.0,11.59,3.45,17.0
156,2245,Damone Brown,2001,80.25,202,83.75,104.5,32.0,37.0,11.81,3.27,6.0
157,12031,SirValiant Brown,2001,71.0,176,76.0,92.5,31.0,39.5,11.23,3.0,10.0
158,12288,Brian Brown,2002,74.5,194,79.0,99.0,26.0,33.0,11.43,3.29,8.0
159,2810,Andre Brown,2004,80.0,236,83.0,107.0,32.0,35.5,11.7,3.22,18.0
160,200793,Dee Brown,2005,71.0,179,74.0,94.0,,,,,
161,200787,Denham Brown,2006,76.0,218,81.5,102.5,28.0,34.5,11.42,3.25,12.0
162,201628,Bobby Brown,2007,71.0,170,76.0,95.5,32.5,41.0,11.27,3.25,3.0
163,12241,Takais Brown,2008,79.25,252,82.0,106.0,29.0,31.0,12.47,3.25,22.0
164,201974,Derrick Brown,2009,79.5,224.6,86.5,107.5,30.5,35.5,11.26,3.13,20.0
165,12458,J'Covan Brown,2012,73.0,202.4,77.25,96.0,26.0,29.5,11.68,3.47,3.0
166,203485,Lorenzo Brown,2013,76.0,189.2,79.0,100.0,28.0,34.0,11.78,3.4,8.0
167,1628971,Bruce Brown,2018,75.5,194.6,81.0,98.5,32.5,38.0,11.11,3.2,17.0
168,1628972,Troy Brown,2018,77.75,208,82.25,105.0,26.0,33.0,11.51,3.33,5.0
169,203913,Jabari Brown,2014,75.0,201.9,80.25,100.0,28.0,32.0,11.6,3.5,
170,203900,Markel Brown,2014,74.5,184.4,80.75,100.0,36.5,43.5,12.62,3.18,
171,203938,Alec Brown,2014,84.25,231.2,85.5,109.0,27.0,30.0,12.05,3.48,
172,1626148,Anthony Brown,2015,77.75,211,83.0,104.5,27.5,34.5,10.94,3.18,4.0
173,1627759,Jaylen Brown,2016,77.25,222.8,83.75,102.5,,,,,
174,1629650,Moses Brown,2019,85.25,237.2,88.75,113.0,27.0,31.0,11.95,3.51,
175,201812,Keith Brumbaugh,2008,79.5,190,79.25,104.5,26.0,27.0,11.65,3.28,2.0
176,1628973,Jalen Brunson,2018,73.0,198.4,76.0,96.0,29.0,37.0,10.59,3.15,7.0
177,12289,Sylvere Bryan,2002,81.0,226,88.5,109.5,28.5,29.5,12.03,3.2,13.0
178,1628418,Thomas Bryant,2017,81.5,247.8,90.0,112.5,25.5,33.0,11.42,3.37,7.0
179,12125,Brad Buckman,2006,79.25,238,84.0,107.5,25.5,30.5,12.26,3.54,10.0
180,201978,Chase Budinger,2009,78.25,206.4,79.0,101.0,29.5,38.5,11.08,3.24,10.0
181,203733,William Buford,2012,76.0,214.6,81.5,102.0,27.5,32.5,11.4,3.43,8.0
182,203493,Reggie Bullock,2013,77.75,199.8,80.75,102.0,31.0,36.5,11.33,3.31,11.0
183,12290,Chris Burgess,2002,82.0,246,83.5,109.0,24.5,31.0,11.58,3.37,24.0
184,203504,Trey Burke,2013,71.75,187,77.5,97.5,29.5,36.5,11.2,3.16,3.0
185,2766,Antonio Burks,2004,72.0,191,78.5,96.5,,,,,9.0
186,202692,Alec Burks,2011,77.0,192.6,82.0,103.5,29.0,36.0,10.96,3.17,5.0
187,201868,Stanley Burrell,2008,73.5,201,78.25,97.5,29.5,34.5,11.19,3.19,21.0
188,203907,Deonte Burton,2014,72.0,192.8,79.0,97.5,29.0,39.5,11.28,3.28,
189,12242,Brian Butch,2008,81.5,229.6,83.25,108.0,24.0,26.5,11.87,3.52,9.0
190,2406,Caron Butler,2002,77.25,222,83.5,103.5,27.0,31.0,12.15,3.33,2.0
191,2446,Rasual Butler,2002,78.75,198,84.0,105.5,31.5,37.5,11.54,3.29,10.0
192,2866,Jackie Butler,2004,80.0,263,85.5,109.0,23.0,25.0,13.32,3.4,14.0
193,12243,Jamar Butler,2008,72.25,182,76.75,97.0,,,,,15.0
194,202710,Jimmy Butler,2011,78.0,222.2,79.5,101.5,32.0,39.0,11.12,3.15,14.0
195,101198,Will Bynum,2005,70.5,188.8,75.5,93.0,33.0,40.5,11.12,3.0,15.0
196,12244,Pat Calathes,2008,80.75,204,81.75,106.0,,,,,7.0
197,203484,Kentavious Caldwell-Pope,2013,76.5,203.6,80.0,100.5,29.0,34.5,10.6,3.12,7.0
198,12295,Souleymane Camara,2003,81.75,211.0,86.25,109.0,28.5,34.5,11.51,3.2,2.0
199,12106,Marcus Campbell,2005,82.25,280.4,90.0,114.0,,,,,9.0
200,203477,Isaiah Canaan,2013,71.0,188.4,76.5,94.5,33.0,40.5,10.98,3.22,16.0
201,12126,Nik Caner-Medley,2006,78.5,234,81.0,103.0,28.5,35.5,10.57,3.21,17.0
202,12175,Aleksandar Capin,2004,72.0,176,73.5,94.0,23.0,29.0,11.5,3.27,4.0
203,202382,Derrick Caracter,2010,80.25,280,84.25,107.5,25.0,30.5,12.78,3.61,22.0
204,203478,Jackie Carmichael,2013,79.5,241.2,85.5,107.0,30.0,32.0,11.83,3.35,13.0
205,200760,Rodney Carney,2006,76.5,204,82.0,103.5,32.0,38.5,10.57,3.06,10.0
206,1628974,Tony Carr,2018,75.0,198.8,80.25,100.0,25.0,31.5,11.89,3.17,0.0
207,12032,Ryan Carroll,2001,76.0,202,80.25,99.0,34.5,39.0,11.0,3.1,14.0
208,2679,Matt Carroll,2003,77.0,207,78.5,98.5,29.0,33.5,11.11,3.35,13.0
209,201960,DeMarre Carroll,2009,78.25,207.2,82.0,105.0,,,,,
210,201469,Russell Carter,2007,75.0,221,80.5,97.5,33.0,38.5,11.61,3.29,25.0
211,1628975,Jevon Carter,2018,72.25,196.2,76.25,95.0,29.0,36.5,11.04,3.18,14.0
212,1628976,Wendell Carter,2018,80.75,251.4,88.5,109.0,,,,,
213,203487,Michael Carter-Williams,2013,76.75,184.4,79.25,101.0,31.5,41.0,10.68,3.22,8.0
214,201956,Omri Casspi,2009,79.75,211.2,81.25,106.5,25.5,32.5,11.15,3.28,2.0
215,1626161,Willie Cauley-Stein,2015,83.25,242.4,87.0,111.0,,,,,
216,12176,Ales Chan,2004,84.0,255,87.0,113.0,21.0,29.0,12.9,3.62,2.0
217,2199,Tyson Chandler,2001,83.5,224,87.0,110.0,31.0,33.5,12.13,3.36,2.0
218,12291,Mire Chatman,2002,72.0,174,78.0,98.0,29.0,33.0,11.12,3.18,1.0
219,2251,Eric Chenowith,2001,85.0,264,88.0,111.0,23.5,27.5,12.5,3.59,6.0
220,2735,Josh Childress,2004,77.75,196,83.0,105.0,29.0,36.0,11.95,3.38,11.0
221,1627737,Marquese Chriss,2016,80.75,233,84.25,105.0,32.5,38.5,11.93,3.26,
222,12275,Dionte Christmas,2009,76.25,210.8,81.0,102.5,27.0,33.5,10.83,3.21,3.0
223,1626176,Rakeem Christmas,2015,80.25,242.6,89.25,110.5,29.0,32.0,11.6,3.47,9.0
224,12042,Chris Christoffersen,2002,84.75,291,87.5,109.0,28.0,31.0,12.55,3.39,13.0
225,203902,Semaj Christon,2014,73.5,186,78.5,99.0,30.5,36.5,11.55,3.32,
226,2439,Sam Clancy,2001,78.25,242,86.75,107.0,31.0,34.0,11.47,3.13,15.0
227,12127,Keydren Clark,2006,69.0,184,74.5,92.5,31.0,34.0,11.03,3.11,13.0
228,201947,Earl Clark,2009,80.5,228.4,86.5,109.5,28.5,33.0,11.17,3.35,5.0
229,1629634,Brandon Clarke,2019,79.25,207.2,80.25,102.0,34.0,40.5,10.61,3.15,10.0
230,203903,Jordan Clarkson,2014,75.25,186.3,80.0,98.0,33.0,38.5,10.76,3.28,
231,2049,Speedy Claxton,2000,70.5,166,72.0,94.5,36.0,42.5,10.48,3.06,6.0
232,1629651,Nicolas Claxton,2019,82.0,216.6,86.5,110.0,31.5,36.5,11.26,3.36,8.0
233,12036,Gyasi Cline-Heard,2001,78.25,231,83.5,103.0,31.5,34.5,11.4,3.23,11.0
234,12524,Will Clyburn,2013,77.75,210.4,84.25,105.0,28.0,34.5,11.68,3.38,3.0
235,202708,Norris Cole,2011,72.25,174.4,74.25,95.5,29.5,38.5,10.07,3.22,11.0
236,12132,Eric Coley,2000,76.0,205,83.0,102.0,35.0,38.0,11.4,3.15,10.0
237,2215,Jason Collins,2001,82.25,251,88.5,110.0,25.5,28.5,12.1,3.54,8.0
238,2260,Jarron Collins,2001,81.25,252,87.0,104.0,23.0,29.0,11.65,3.6,10.0
239,200776,Mardy Collins,2006,76.25,224,82.0,103.0,31.5,37.5,12.0,3.27,9.0
240,12207,Coleman Collins,2007,80.0,236,86.0,107.0,30.0,35.0,11.47,,21.0
241,202395,Sherron Collins,2010,70.25,217.2,74.5,94.0,27.5,33.0,12.31,3.24,
242,1628381,John Collins,2017,80.25,225.2,83.25,106.5,33.0,37.5,11.66,3.27,15.0
243,1628380,Zach Collins,2017,82.25,232.2,85.0,111.0,,,,,
244,2555,Nick Collison,2003,80.75,255,85.5,108.0,28.0,33.0,11.62,3.28,8.0
245,201954,Darren Collison,2009,72.25,166.2,75.0,96.5,30.5,33.5,10.45,3.1,9.0
246,201144,Mike Conley,2007,71.0,175,77.75,94.5,35.5,40.5,11.63,3.09,13.0
247,1626192,Pat Connaughton,2015,76.0,215,80.0,96.0,37.5,44.0,10.58,3.2,13.0
248,101215,Will Conroy,2005,73.0,188.6,75.0,96.5,30.5,36.5,10.51,3.28,14.0
249,2241,Omar Cook,2001,71.5,189,77.5,92.0,31.0,35.5,10.77,3.2,9.0
250,2567,Brian Cook,2003,81.5,234,86.0,109.0,25.0,29.0,11.87,3.45,6.0
251,201161,Daequan Cook,2007,75.0,203,80.25,101.5,30.0,34.5,11.12,3.22,4.0
252,1626188,Quinn Cook,2015,72.25,179,76.0,96.5,24.5,31.0,11.44,3.38,14.0
253,1627765,Elgin Cook,2016,77.0,209.8,82.0,100.5,,,,,
254,1629076,Tyler Cook,2019,79.25,245.4,84.5,106.5,27.5,32.0,11.32,3.28,11.0
255,12043,Lenny Cooke,2002,77.5,214,85.0,107.0,,,,,0.0
256,12107,Taylor Coppenrath,2005,79.75,252.4,83.5,106.5,24.5,27.0,11.51,3.44,5.0
257,12074,Joel Cornette,2003,80.25,239,81.25,105.5,26.0,32.5,11.27,3.14,13.0
258,12133,Ed Cota,2000,72.25,189,76.0,96.5,26.5,33.5,10.98,3.24,1.0
259,12134,Schea Cotton,2000,76.25,219.5,79.0,100.0,34.0,38.0,11.55,3.0,19.0
260,202326,DeMarcus Cousins,2010,81.5,291.8,89.75,113.0,23.5,27.5,11.4,3.55,
261,1627766,Isaiah Cousins,2016,75.25,194,78.25,98.5,30.5,37.0,10.79,3.24,
262,12208,Ryvon Covile,2007,79.0,250,85.25,107.5,25.0,30.5,12.52,3.37,19.0
263,203496,Robert Covington,2013,78.25,208.6,85.75,106.0,29.5,36.0,11.69,3.34,9.0
264,203459,Allen Crabbe,2013,77.25,197.4,83.25,103.5,30.5,36.0,10.67,3.32,10.0
265,203905,Aaron Craft,2014,72.75,191.6,74.0,94.5,29.0,32.0,10.78,3.26,
266,2037,Jamal Crawford,2000,76.5,175,82.0,102.5,,,,,0.0
267,12245,Joe Crawford,2008,75.0,213,77.75,99.5,31.0,36.0,11.67,3.22,13.0
268,202348,Jordan Crawford,2010,75.0,198.4,79.0,101.0,31.5,34.5,11.03,3.37,7.0
269,201159,Javaris Crittenton,2007,75.0,194,77.5,98.0,32.5,38.0,11.6,3.32,11.0
270,203109,Jae Crowder,2012,76.75,241.2,81.25,99.5,31.0,34.5,11.45,3.37,20.0
271,1629633,Jarrett Culver,2019,77.25,194.2,81.5,100.5,,,,,
272,200555,TJ Cummings,2004,79.5,215,81.5,106.5,27.0,31.0,11.58,3.12,6.0
273,201967,Dante Cunningham,2009,79.0,227.4,83.0,106.5,28.0,35.0,11.18,3.26,18.0
274,203099,Jared Cunningham,2012,75.5,187.6,78.5,98.0,,,,,4.0
275,2201,Eddy Curry,2001,82.5,301,90.5,111.0,28.0,31.0,12.25,3.53,16.0
276,201939,Stephen Curry,2009,74.0,181,75.5,97.0,29.5,35.5,11.07,3.28,10.0
277,203552,Seth Curry,2013,73.0,179.2,76.0,97.5,,,,,
278,12017,Caswell Cyrus,2000,79.75,220.5,86.0,107.5,33.5,37.5,12.12,3.16,18.0
279,2605,Marquis Daniels,2003,77.25,198,82.0,103.5,30.5,35.0,11.62,3.25,6.0
280,2845,Erik Daniels,2004,78.25,223,83.0,106.0,31.0,32.0,11.38,3.19,4.0
281,12246,Chris Daniels,2008,80.25,256,84.5,109.0,26.0,28.5,12.72,3.56,11.0
282,203908,DeAndre Daniels,2014,79.25,196,86.0,106.5,26.5,32.0,11.46,3.44,
283,201176,Jermareo Davidson,2007,81.0,230,88.0,109.5,27.0,30.0,12.63,3.53,7.0
284,203561,Brandon Davies,2013,80.5,241.8,85.5,108.5,26.0,31.5,11.22,3.5,7.0
285,202334,Ed Davis,2010,81.0,226.6,84.0,108.0,31.0,36.0,11.7,3.21,
286,203076,Anthony Davis,2012,81.25,221.8,89.5,108.0,,,,,
287,1627738,Deyonta Davis,2016,81.25,237.2,86.5,108.5,,,,,
288,1629056,Terence Davis,2019,75.0,192.4,80.75,101.0,29.5,34.0,10.69,3.28,13.0
289,12044,Craig Dawson,2002,75.5,200,78.25,102.0,26.0,30.0,12.06,3.25,0.0
290,1626183,Branden Dawson,2015,77.5,230.2,83.0,105.0,28.5,34.5,12.22,3.2,12.0
291,201948,Austin Daye,2009,81.75,191.8,86.75,110.0,25.0,28.0,12.11,3.55,0.0
292,201942,DeMar DeRozan,2009,77.5,211.2,81.0,102.5,29.0,38.5,11.88,3.31,5.0
293,12128,Taquan Dean,2006,74.0,183,78.75,98.0,30.5,34.5,10.53,3.2,16.0
294,12037,Tate Decker,2001,81.25,218,83.75,107.0,25.5,28.5,12.19,3.47,13.0
295,203473,Dewayne Dedmon,2013,82.0,238.8,88.0,109.0,28.0,32.5,12.75,3.4,8.0
296,1626155,Sam Dekker,2015,79.75,218.6,83.5,106.0,25.5,34.5,10.64,3.28,5.0
297,2736,Luol Deng,2004,79.0,220,84.5,108.5,27.5,31.5,11.46,3.34,5.0
298,203134,Marcus Denmon,2012,74.25,188.2,77.0,94.5,33.5,40.0,10.82,3.19,8.0
299,1628978,Donte DiVincenzo,2018,75.5,200.6,78.0,97.5,34.5,42.0,10.72,3.11,12.0
300,1628977,Hamidou Diallo,2018,76.25,197,83.5,103.0,32.5,40.5,10.53,3.1,1.0
301,1627767,Cheick Diallo,2016,79.5,218.6,88.5,107.5,31.0,35.0,11.24,3.26,
302,1628977,Hamidou Diallo,2017,75.75,197.4,83.25,101.5,34.5,44.5,10.88,3.11,0.0
303,12129,Terence Dials,2006,79.75,253,84.0,106.0,26.5,30.0,11.54,3.5,16.0
304,202739,Jon Diebler,2011,77.25,196.6,78.0,99.0,28.0,35.0,10.94,3.37,2.0
305,101143,Travis Diener,2005,71.75,165.2,71.75,93.5,24.5,31.0,10.85,3.26,1.0
306,203476,Gorgui Dieng,2013,81.75,229.6,87.5,111.5,,,,,
307,203915,Spencer Dinwiddie,2014,76.5,204.9,80.25,103.0,,,,,
308,101113,Ike Diogu,2005,78.5,255.4,87.5,109.0,28.0,31.0,11.94,3.45,21.0
309,2205,DeSagana Diop,2001,82.0,314,90.5,113.0,21.5,25.5,12.37,3.56,15.0
310,12075,Aleksander Djuric,2003,82.0,253,84.0,108.0,23.5,27.5,11.97,3.65,3.0
311,12130,Sean Dockery,2006,72.75,182,76.5,95.5,29.0,33.0,10.88,3.34,4.0
312,12209,Justin Doellman,2007,80.0,205,80.75,105.0,,,,,19.0
313,12108,Daryl Dorsey,2005,71.25,160.8,71.5,94.0,25.0,30.5,11.41,3.24,0.0
314,201595,Joey Dorsey,2008,78.25,265,85.75,107.0,27.5,33.0,11.84,3.2,19.0
315,1628416,Tyler Dorsey,2017,75.0,182.6,77.25,99.5,30.5,36.0,10.55,3.16,8.0
316,1629652,Luguentz Dort,2019,74.75,222.2,80.5,99.5,32.5,38.0,10.79,3.22,14.0
317,1628422,Damyean Dotson,2017,76.5,205.2,81.0,100.0,31.5,38.0,11.18,3.13,13.0
318,1629653,Devon Dotson,2019,72.0,178.6,75.25,95.5,30.0,38.5,10.63,3.04,7.0
319,12076,Ruben Douglas,2003,75.5,193,79.25,100.5,28.5,35.0,11.95,3.27,9.0
320,201962,Toney Douglas,2009,73.0,183.4,78.0,97.5,28.0,32.5,10.63,3.03,15.0
321,12177,Marcus Douthit,2004,81.5,223,88.0,111.5,25.5,31.5,11.64,3.34,1.0
322,12247,Marcus Dove,2008,78.75,208,83.5,105.0,27.5,33.5,11.59,3.26,10.0
323,12210,Zabian Dowdell,2007,73.0,191,82.0,100.0,30.0,33.5,11.13,3.29,3.0
324,1628408,PJ Dozier,2017,77.25,200.6,83.0,101.0,34.0,39.0,10.84,3.15,9.0
325,203083,Andre Drummond,2012,81.75,278.6,90.25,109.5,31.5,33.5,10.83,3.39,10.0
326,12038,Robb Dryden,2001,85.0,241,86.5,110.2,27.0,30.0,12.47,3.46,8.0
327,201162,Jared Dudley,2007,77.0,219,79.0,102.0,28.0,32.0,11.32,3.45,14.0
328,2768,Chris Duhon,2004,72.0,193,78.5,98.0,31.5,35.0,10.45,3.14,7.0
329,12248,Josh Duncan,2008,80.0,230,83.5,104.5,28.0,32.0,12.47,3.26,26.0
330,12406,Michael Dunigan,2011,80.5,237.6,87.25,107.5,29.5,34.5,11.85,3.27,10.0
331,2399,Mike Dunleavy,2002,80.0,230,81.0,106.0,24.5,29.0,11.55,3.3,11.0
332,12407,LaceDarius Dunn,2011,75.0,187.8,78.25,101.0,26.5,31.0,11.45,3.27,3.0
333,1627739,Kris Dunn,2016,75.0,,81.5,100.0,,,,,
334,12045,Teddy Dupay,2002,69.5,178,70.75,90.5,28.0,33.0,10.53,3.19,16.0
335,2648,Ronald Dupree,2003,78.0,209,80.25,101.0,37.5,41.5,11.09,3.23,11.0
336,201142,Kevin Durant,2007,81.0,215,88.75,110.0,26.0,33.5,12.33,3.45,0.0
337,1628979,Trevon Duval,2018,73.5,191,80.25,97.5,34.0,41.5,10.93,3.18,6.0
338,203921,Cleanthony Early,2014,78.0,209.4,82.75,101.5,34.0,40.0,11.15,3.18,
339,202365,Devin Ebanks,2010,79.0,207.8,84.25,107.5,23.5,32.0,11.69,3.44,6.0
340,2451,Corsley Edwards,2002,79.25,285,82.75,106.5,28.5,33.0,12.18,3.31,12.0
341,2823,John Edwards,2004,83.25,264,88.5,113.0,,,,,15.0
342,1629035,Carsen Edwards,2018,70.75,195.6,78.25,94.5,28.5,34.5,11.59,3.2,12.0
343,1629654,Carsen Edwards,2019,70.75,199.4,78.0,94.5,28.5,34.0,10.53,3.22,14.0
344,203929,Melvin Ejim,2014,77.25,218.5,83.25,103.5,29.5,35.0,11.55,3.14,
345,2064,Khalid El-Amin,2000,69.0,200,73.5,93.0,27.5,32.0,10.59,3.32,6.0
346,12249,Frank Elegar,2008,79.25,210,87.25,106.0,33.5,37.5,11.86,3.17,11.0
347,1627740,Henry Ellenson,2016,82.0,242,86.25,108.0,,,,,
348,201961,Wayne Ellington,2009,76.25,202.4,78.5,100.0,31.5,38.0,11.14,3.2,13.0
349,12046,Andy Ellis,2002,81.25,220,82.25,102.0,32.0,35.5,11.69,3.34,6.0
350,101145,Monta Ellis,2005,74.25,176.6,74.75,98.0,26.5,31.5,12.13,3.31,0.0
351,1627768,Perry Ellis,2016,79.0,217.8,82.25,102.0,32.0,38.0,10.73,3.13,
352,2408,Melvin Ely,2002,81.0,240,88.0,111.0,26.0,29.0,11.96,3.35,7.0
353,2765,Andre Emmett,2004,75.5,216,81.0,100.0,,,,,
354,2606,Carl English,2003,76.0,201,77.25,98.5,28.0,34.0,11.77,3.32,11.0
355,203119,Kim English,2012,76.5,192,78.5,98.0,29.0,36.5,10.59,3.33,
356,203516,James Ennis,2013,77.75,200.8,83.5,104.5,29.5,36.5,11.55,3.4,7.0
357,203898,Tyler Ennis,2014,73.0,181.5,79.25,98.0,29.0,36.0,11.12,3.3,
358,12077,Ebi Ere,2003,75.5,210,82.5,102.0,29.5,33.5,11.38,3.16,
359,12078,Marquis Estill,2003,80.5,257,88.0,108.0,30.0,36.0,12.92,3.31,7.0
360,2230,Maurice Evans,2001,76.25,221,80.0,101.0,34.5,37.5,10.08,3.12,22.0
361,12039,Anthony Evans,2001,78.0,267,83.5,101.5,31.5,33.0,12.56,3.31,18.0
362,2501,Reggie Evans,2002,79.5,250,86.5,107.5,26.0,29.5,12.73,3.26,15.0
363,201936,Tyreke Evans,2009,76.0,220.6,83.25,104.0,28.5,34.0,11.81,3.17,7.0
364,1628980,Jacob Evans,2018,76.25,199.6,81.25,102.5,28.0,35.5,11.11,3.2,8.0
365,1629037,Keenan Evans,2018,73.5,183.2,77.25,98.0,,,,,
366,1628393,Jawun Evans,2017,70.75,185.2,77.5,95.0,27.5,33.5,11.34,3.21,1.0
367,12018,Vassil Evtimov,2000,81.75,262,82.5,106.5,21.0,28.5,11.75,3.52,13.0
368,201607,Patrick Ewing Jr.,2008,78.0,224,84.25,97.5,35.0,42.0,11.77,3.43,2.0
369,203957,Dante Exum,2014,76.5,196.3,81.5,103.0,31.5,34.5,10.75,3.19,
370,12150,Benjamin Eze,2001,80.75,232,90.0,109.0,29.0,32.0,13.05,3.36,14.0
371,203105,Festus Ezeli,2012,81.75,264.2,89.75,108.0,34.0,33.5,12.35,3.29,18.0
372,203927,C.J. Fair,2014,78.5,218.1,81.5,104.0,27.0,35.0,11.0,3.32,
373,1629605,Tacko Fall,2019,89.25,288.8,98.25,122.5,22.0,26.5,13.01,3.78,8.0
374,202702,Kenneth Faried,2011,78.0,224.6,84.0,108.0,30.5,35.0,11.35,3.26,16.0
375,200770,Jordan Farmar,2006,72.75,171,75.0,94.5,33.5,42.0,11.07,3.17,11.0
376,2824,Desmon Farmer,2004,76.5,214,80.5,103.0,24.0,31.0,10.89,3.2,12.0
377,202324,Derrick Favors,2010,80.75,245.2,88.0,110.0,31.5,35.5,11.74,3.25,14.0
378,12047,Peter Fehse,2002,82.0,220,84.5,109.0,,,,,
379,1627770,Kay Felder,2016,68.25,177.2,74.5,88.5,35.5,44.0,11.52,3.15,
380,203467,Carrick Felix,2013,76.75,202.6,81.25,103.5,32.0,38.5,11.16,3.25,15.0
381,101109,Raymond Felton,2005,71.5,199.4,76.25,98.0,29.0,33.5,10.5,3.06,6.0
382,1628390,Terrance Ferguson,2017,77.5,184.4,80.75,103.0,28.5,38.0,11.16,3.32,
383,201164,Rudy Fernandez,2005,76.75,172,79.5,101.5,26.5,35.5,10.48,3.33,0.0
384,1628981,Bruno Fernando,2018,80.75,233.2,88.25,109.0,29.0,35.0,12.19,3.23,11.0
385,1628981,Bruno Fernando,2019,80.75,237,87.25,110.0,29.5,33.5,11.29,3.21,13.0
386,2386,Kimani Ffriend,2001,81.5,228,82.75,108.5,32.0,33.0,11.46,3.09,9.0
387,1627827,Dorian Finney-Smith,2016,78.5,212.6,83.75,105.5,32.5,35.5,11.01,3.27,
388,12109,D'Or Fischer,2005,81.25,242.4,90.0,110.5,28.0,30.5,12.53,3.5,2.0
389,2784,Luis Flores,2004,72.5,202,79.5,98.5,29.0,32.0,10.97,3.1,15.0
390,201938,Jonny Flynn,2009,71.25,195.6,76.0,95.5,33.0,40.0,10.86,3.23,10.0
391,12110,Eddy Fobbs,2005,82.25,235.2,90.75,111.5,29.5,34.0,11.53,3.28,12.0
392,201814,Gary Forbes,2008,76.5,220.5,83.25,104.5,27.5,33.5,11.45,3.25,13.0
393,2228,Alton Ford,2001,80.25,271,82.5,102.5,34.5,36.5,11.7,3.16,21.0
394,2551,T.J. Ford,2003,71.0,162,71.5,93.5,32.5,39.5,11.45,3.2,0.0
395,101213,Sharrod Ford,2005,79.25,212.8,85.5,106.0,28.5,37.0,11.92,3.2,9.0
396,2218,Joseph Forte,2001,75.5,193,78.5,100.5,26.5,33.0,11.51,3.19,10.0
397,12250,Shan Foster,2008,76.0,194.5,83.5,103.5,30.0,33.0,12.3,3.24,10.0
398,2238,Antonis Fotsis,2000,81.25,219,80.5,106.0,27.0,30.0,11.6,3.44,2.0
399,1628368,De?Aaron Fox,2017,74.0,169.6,78.5,100.0,,,,,
400,200751,Randy Foye,2006,74.25,212,78.25,97.0,32.0,38.0,10.53,3.23,14.0
401,12185,Torin Francis,2006,81.0,247,85.0,105.5,26.5,32.0,11.97,3.51,9.0
402,203479,Jamaal Franklin,2013,76.0,190.8,83.25,103.5,,,,,
403,1628982,Melvin Frazier,2018,76.5,198.2,85.75,105.0,31.0,40.5,11.24,3.08,0.0
404,1626187,Michael Frazier II,2015,75.75,199.4,80.0,101.5,27.0,35.0,10.66,3.32,10.0
405,12409,James Fredette,2011,72.75,196,76.5,96.5,28.0,33.0,10.42,3.21,14.0
406,12211,Rashaun Freeman,2007,78.0,244,83.5,104.0,28.0,32.0,11.43,3.41,20.0
407,2782,Matt Freije,2004,80.25,234,85.0,108.5,29.5,31.0,11.15,3.25,13.0
408,101112,Channing Frye,2005,81.5,243.6,86.5,110.5,27.5,31.0,11.6,3.38,19.0
409,1628365,Markelle Fultz,2017,,,,,,,,,
410,1629655,Daniel Gafford,2019,81.25,237.6,86.5,110.0,32.5,36.5,11.61,3.25,5.0
411,101184,Deng Gai,2005,79.75,214,88.5,110.5,31.5,35.5,12.51,3.27,11.0
412,12316,Keith Gallon,2010,80.5,301.8,88.5,109.5,23.5,28.5,13.44,3.7,14.0
413,101128,Francisco Garcia,2005,77.75,189.6,82.75,103.0,27.5,31.5,10.63,3.33,5.0
414,12317,Charles Garcia,2010,80.25,231.6,85.75,107.5,24.5,30.5,11.65,3.23,2.0
415,-1,Jason Gardner,2001,69.75,188,73.25,92.5,34.5,40.0,10.88,2.92,9.0
416,12079,Jason Gardner,2003,69.75,194,73.0,92.0,30.5,35.0,10.62,3.17,10.0
417,1629636,Darius Garland,2019,,,,,,,,,
418,12178,Chris Garnett,2004,80.25,260,85.0,108.0,27.0,31.5,11.75,3.36,22.0
419,200752,Rudy Gay,2006,79.0,222,87.0,107.5,33.0,40.5,11.03,3.32,9.0
420,1627771,Michael Gbinije,2016,77.5,204.6,79.5,101.0,33.5,37.5,11.0,3.12,
421,12186,Nick George,2006,76.0,201,82.0,103.0,30.5,38.0,11.69,3.25,14.0
422,202331,Paul George,2010,79.75,214.4,83.25,107.0,,,,,4.0
423,201959,Taj Gibson,2009,80.5,214.4,88.0,109.0,25.5,30.0,11.56,3.41,12.0
424,201592,J.R. Giddens,2008,76.0,208,83.25,103.0,,,,,10.0
425,12111,John Gilchrist,2005,73.25,195.2,81.25,96.5,30.5,36.5,11.48,3.15,12.0
426,1628385,Harry Giles,2017,81.25,232,87.25,109.5,27.0,32.5,11.08,3.34,5.0
427,1628983,Shai Gilgeous-Alexander,2018,76.5,180,83.5,104.0,,,,,
428,2109,Eddie Gill,2000,71.75,176,76.0,93.0,35.0,38.5,11.12,3.18,13.0
429,12251,James Gist,2008,79.0,220,88.0,107.5,30.5,35.0,11.37,3.14,5.0
430,203497,Rudy Gobert,2013,84.5,237.6,92.5,115.0,25.0,29.0,12.85,3.57,7.0
431,12252,Vladimir Golubovic,2008,83.25,258,86.5,111.5,21.5,27.0,12.4,3.33,15.0
432,101155,Ryan Gomes,2004,78.5,248,86.0,106.5,26.5,30.5,12.49,3.24,9.0
433,2400,Drew Gooden,2002,80.75,227,84.5,106.5,29.0,33.0,11.81,3.19,13.0
434,203462,Archie Goodwin,2013,75.75,189,81.5,102.0,30.0,36.0,10.75,3.27,1.0
435,12135,Ceedric Goodwyn,2000,78.0,238,82.0,104.5,,,,,
436,2732,Ben Gordon,2004,73.0,192,80.5,99.0,31.5,37.5,11.28,3.19,12.0
437,201569,Eric Gordon,2008,74.0,222,81.0,99.0,32.0,40.0,10.81,3.01,15.0
438,12467,Drew Gordon,2012,80.0,239,83.5,103.5,29.0,34.0,11.35,3.49,10.0
439,203932,Aaron Gordon,2014,79.5,220.1,83.75,105.0,32.5,39.0,10.81,3.27,
440,12136,Marcus Goree,2000,79.5,239,84.5,105.5,29.5,33.5,12.0,3.25,13.0
441,101162,Marcin Gortat,2005,83.0,225.2,87.5,110.0,29.5,36.0,11.48,3.33,18.0
442,202726,Andrew Goudelock,2011,73.25,197.6,76.25,96.5,32.5,37.0,10.33,3.1,4.0
443,101121,Joey Graham,2005,77.25,216.6,80.0,104.0,30.0,36.0,10.62,3.05,26.0
444,1626203,Treveon Graham,2015,76.0,219.4,82.5,103.0,28.5,31.5,11.64,3.3,11.0
445,1628984,Devonte Graham,2018,72.25,186.4,78.25,96.0,31.0,37.0,11.28,3.21,14.0
446,12137,A.J. Granger,2000,79.5,227,81.5,103.0,30.0,34.0,10.73,3.25,20.0
447,101122,Danny Granger,2005,79.5,225.4,85.5,103.0,31.0,34.0,10.84,3.34,10.0
448,201863,Kentrell Gransberry,2008,78.75,290,82.25,106.0,24.5,27.5,12.16,3.32,18.0
449,203924,Jerami Grant,2014,78.5,214,86.75,107.0,,,,,
450,1626170,Jerian Grant,2015,75.25,198,79.5,100.0,,,,,
451,12066,David Graves,2002,76.5,212,79.0,101.0,26.0,29.5,11.2,3.27,8.0
452,12187,Taj Gray,2006,79.25,231,84.75,107.0,28.5,33.0,11.02,3.45,10.0
453,201189,Aaron Gray,2007,84.0,271,87.25,108.5,27.0,32.5,12.07,3.7,17.0
454,12151,Jerry Green,2001,73.5,179,78.25,99.0,28.5,35.0,11.7,3.17,13.0
455,2584,Willie Green,2003,74.5,201,79.25,100.0,28.5,28.5,11.86,3.19,13.0
456,101123,Gerald Green,2005,78.0,192,81.75,104.0,31.5,39.0,11.2,3.21,7.0
457,12212,Caleb Green,2007,78.0,238,83.75,103.0,28.5,36.0,11.72,3.46,9.0
458,201145,Jeff Green,2007,79.0,228,85.25,103.0,33.5,38.0,12.0,3.34,17.0
459,201192,Taurean Green,2007,71.0,173,74.25,96.0,29.0,32.5,11.3,3.26,8.0
460,201980,Danny Green,2009,77.25,208,82.0,103.0,29.0,33.0,11.3,3.3,15.0
461,203110,Draymond Green,2012,77.75,235.6,85.25,105.0,28.0,33.0,11.01,3.4,9.0
462,203254,JaMychal Green,2012,80.0,217.4,86.25,106.5,29.5,32.5,10.63,3.38,19.0
463,203475,Erick Green,2013,73.5,178.2,77.75,98.0,,,,,5.0
464,201590,Donte Greene,2008,80.25,221,82.0,108.0,27.5,31.5,11.21,3.2,2.0
465,2696,Lynn Greer,2002,72.25,170,73.0,94.5,29.5,36.5,11.24,3.16,12.0
466,12152,Kenny Gregory,2001,75.5,200,83.25,101.0,39.5,45.5,11.33,3.1,10.0
467,2204,Eddie Griffin,2001,81.25,222,87.0,110.0,26.5,33.0,11.77,3.21,3.0
468,201933,Blake Griffin,2009,80.5,248.4,83.25,105.0,32.0,35.5,10.95,3.28,22.0
469,1629656,Quentin Grimes,2019,76.0,209.6,79.75,100.5,27.5,36.0,10.83,3.2,6.0
470,12067,Rod Grizzard,2002,78.0,193,84.0,107.0,,,,,6.0
471,101219,Anthony Grundy,2002,72.75,167,79.75,99.0,27.5,32.0,11.1,3.39,0.0
472,12188,Dan Grunfeld,2006,76.75,216,78.25,99.0,28.0,33.5,11.3,3.46,16.0
473,1629657,Kyle Guy,2019,72.75,167.8,76.5,95.5,30.5,36.5,10.48,3.27,4.0
474,2062,A.J. Guyton,2000,72.75,175,75.75,97.5,33.0,37.5,10.55,3.22,9.0
475,1629036,Isaac Haas,2018,85.25,303,89.0,111.5,,,,,
476,201612,Malik Hairston,2008,76.25,204,81.0,103.5,30.5,38.0,11.33,3.08,13.0
477,203798,P.J. Hairston,2014,76.25,228.8,81.0,101.0,32.0,37.0,11.12,3.32,
478,2409,Marcus Haislip,2002,80.5,221,84.0,107.0,33.5,36.5,11.35,3.21,8.0
479,2110,Ron Hale,2000,79.5,202,83.0,104.5,29.5,34.5,12.58,3.2,11.0
480,1628985,Devon Hall,2018,76.25,206.4,79.75,102.0,25.0,31.0,10.95,3.27,6.0
481,12080,Justin Hamilton,2003,75.0,217,83.0,103.0,30.0,37.5,11.18,3.18,17.0
482,202706,Jordan Hamilton,2011,78.75,228.4,81.5,104.0,25.0,32.0,11.47,3.3,7.0
483,1627772,Daniel Hamilton,2016,78.25,197,81.0,103.5,26.0,29.0,11.48,3.4,
484,12068,Damon Hancock,2002,74.75,203,78.0,99.5,32.0,35.0,11.62,3.03,15.0
485,1628986,Jaylen Hands,2018,73.5,179,77.5,98.0,31.5,39.5,12.11,3.13,6.0
486,1628986,Jaylen Hands,2019,73.5,180.4,77.5,97.0,33.0,41.5,10.73,3.12,6.0
487,1626152,Olivier Hanlan,2015,75.25,185.8,78.0,100.0,28.0,34.0,11.41,3.25,19.0
488,201946,Tyler Hansbrough,2009,80.25,234.2,83.5,106.0,27.5,34.0,11.12,3.27,18.0
489,2580,Travis Hansen,2003,76.5,200,78.5,100.5,31.5,35.0,10.72,3.18,16.0
490,202376,Luke Harangody,2010,78.0,240.2,81.5,106.0,24.0,28.5,11.83,3.41,23.0
491,203501,Tim Hardaway Jr.,2013,76.5,199.4,79.0,101.0,31.5,37.5,10.68,3.25,16.0
492,201935,James Harden,2009,76.0,222,82.75,103.5,31.5,37.0,11.1,3.13,17.0
493,201614,DeVon Hardin,2008,81.5,235,87.0,109.5,29.5,32.0,11.49,3.33,20.0
494,203090,Maurice Harkless,2012,79.25,206.6,84.0,102.5,32.5,37.0,10.87,3.25,5.0
495,202712,Justin Harper,2011,80.0,228,83.75,106.0,28.5,33.0,11.92,3.3,19.0
496,1629607,Jared Harper,2019,69.75,169.2,77.5,94.0,33.5,40.5,10.77,3.04,8.0
497,1626149,Montrezl Harrell,2015,79.0,253.4,88.25,109.0,,,,,
498,12069,Greg Harrington,2002,73.0,183,75.75,97.0,28.5,34.0,12.06,3.32,15.0
499,2734,Devin Harris,2004,73.75,170,79.5,98.5,30.5,37.0,11.03,3.19,5.0
500,202412,Manny Harris,2010,76.0,185.1,79.25,102.0,,,,,11.0
501,202699,Tobias Harris,2011,78.5,222.8,83.0,103.5,31.5,37.5,10.96,3.17,12.0
502,203914,Gary Harris,2014,74.5,204.8,78.75,96.0,,,,,
503,203925,Joe Harris,2014,76.75,215,78.0,100.0,28.5,33.5,11.11,3.31,
504,1626151,Aaron Harrison,2015,76.5,209.2,80.25,100.5,28.5,34.5,,3.27,1.0
505,1626150,Andrew Harrison,2015,76.5,213.2,81.0,100.0,26.5,33.0,11.2,3.34,
506,2078,Jason Hart,2000,73.75,181,78.0,97.5,29.5,33.5,11.7,3.34,9.0
507,1628404,Josh Hart,2016,76.0,203.6,80.5,99.5,29.5,38.5,11.15,3.2,
508,1628404,Josh Hart,2017,75.75,209.2,80.25,101.0,27.5,35.5,11.15,3.18,9.0
509,2051,Donnell Harvey,2000,79.25,220,84.5,105.5,33.0,32.5,11.23,,15.0
510,12081,Trevor Harvey,2003,81.5,245,85.0,109.5,29.5,32.0,11.85,3.32,11.0
511,1626227,Tyler Harvey,2015,74.75,181.4,77.5,98.5,26.0,28.5,10.56,3.44,1.0
512,12189,Matt Haryasz,2006,81.75,219,84.25,107.5,27.5,31.5,11.34,3.46,10.0
513,2617,Udonis Haslem,2002,79.75,250,83.0,107.0,28.5,33.5,11.8,3.31,22.0
514,2239,Trenton Hassell,2001,76.25,205,80.0,99.5,35.5,37.5,11.57,3.29,12.0
515,2213,Kirk Haston,2001,80.0,242,84.25,106.0,27.0,31.5,12.25,3.35,11.0
516,12153,Charles Hathaway,2001,80.0,274,86.0,107.5,,,,,
517,2618,Marcus Hatten,2003,72.75,163,78.25,98.0,29.5,37.5,11.5,3.15,7.0
518,201150,Spencer Hawes,2007,82.0,244,84.5,110.0,26.0,29.0,11.88,3.51,9.0
519,1626186,Corey Hawkins,2015,72.75,191.8,80.0,99.5,28.5,34.0,10.81,3.51,9.0
520,101236,Charles Hayes,2005,77.5,232.4,82.0,104.5,30.0,33.0,10.7,3.34,20.0
521,1628502,Nigel Hayes,2016,78.25,245,87.0,107.5,25.5,28.5,12.11,3.2,
522,1628502,Nigel Hayes,2017,78.25,254.2,87.25,104.5,29.0,33.5,11.81,3.27,16.0
523,1629637,Jaxson Hayes,2019,82.25,218.6,87.5,110.5,27.0,34.5,11.74,3.37,5.0
524,202330,Gordon Hayward,2010,78.75,211,79.75,103.0,30.5,34.5,11.73,3.22,10.0
525,202351,Lazar Hayward,2010,76.5,225.8,84.75,102.0,31.0,36.0,10.87,3.31,15.0
526,2217,Brendan Haywood,2001,83.75,266,90.5,113.5,27.0,28.5,12.87,3.5,17.0
527,101129,Luther Head,2005,74.0,178.8,77.25,98.5,31.5,38.5,11.12,3.21,14.0
528,12214,Brandon Heath,2007,74.0,181,79.0,94.0,32.0,36.0,11.39,3.28,11.0
529,12138,Johnny Hemsley,2000,74.75,200,80.0,100.5,31.5,35.0,11.5,3.19,5.0
530,201945,Gerald Henderson,2009,76.0,214.6,82.25,102.5,31.5,35.0,11.17,3.14,8.0
531,201613,Richard Hendrix,2008,78.75,250,87.0,108.0,26.5,28.0,10.62,3.27,13.0
532,12070,Cordell Henry,2002,68.0,155,73.0,92.0,33.0,37.5,11.3,3.04,1.0
533,202333,Xavier Henry,2010,77.25,210.2,83.25,105.0,28.5,36.5,11.1,3.18,8.0
534,203089,John Henson,2012,81.0,216,89.0,112.0,25.5,30.0,,,5.0
535,12139,Michael Hermon,2000,74.75,195,78.25,98.5,29.0,33.0,11.79,3.25,0.0
536,1629608,Dewan Hernandez,2019,81.0,232.8,85.75,107.0,30.5,35.5,11.46,3.28,13.0
537,1629639,Tyler Herro,2019,76.5,192.4,75.25,100.5,,,,,
538,1628987,Kevin Hervey,2018,78.5,211.6,87.5,107.0,27.5,32.0,11.28,3.36,4.0
539,12278,Josh Heytvelt,2009,82.0,246.2,85.25,108.0,28.5,34.0,11.67,3.38,15.0
540,12154,Michael Hicks,2001,76.0,197,81.25,100.5,33.0,40.5,11.38,3.19,13.0
541,12190,Eric Hicks,2006,76.75,238,85.5,105.5,30.0,34.0,12.06,3.34,20.0
542,1628439,Isaiah Hicks,2017,79.25,233.4,84.5,105.0,31.5,37.0,12.31,3.36,11.0
543,1627741,Buddy Hield,2016,75.75,212.4,81.25,101.0,,,,,
544,2083,Cory Hightower,2000,77.5,183,83.0,101.5,29.5,34.5,11.92,3.37,0.0
545,12191,Tedric Hill,2006,79.75,236,85.0,107.0,30.0,36.5,12.23,3.24,1.0
546,201195,Herbert Hill,2007,79.0,232,86.25,108.5,30.5,34.0,12.31,3.39,15.0
547,201588,George Hill,2008,73.25,181,81.0,97.5,34.0,37.5,12.2,3.07,9.0
548,201941,Jordan Hill,2009,81.25,232.4,85.5,108.0,31.0,35.0,12.23,3.3,11.0
549,203524,Solomon Hill,2013,77.5,226,81.0,103.0,29.5,37.5,10.77,3.19,14.0
550,12254,Kyle Hines,2008,75.75,234,85.25,104.5,28.5,33.0,12.17,3.4,16.0
551,2550,Kirk Hinrich,2003,74.75,186,78.0,98.5,29.0,33.5,10.98,3.1,10.0
552,1629658,Jalen Hoard,2019,79.25,212.6,84.75,105.5,27.5,35.5,11.44,3.34,8.0
553,202359,Darington Hobson,2010,77.25,203.6,81.25,104.5,29.0,34.0,11.68,3.25,
554,101125,Julius Hodge,2005,78.0,202.2,84.5,107.5,24.5,29.0,10.89,3.18,14.0
555,2450,Randy Holcomb,2002,79.0,225,85.0,105.0,29.5,35.5,12.85,3.22,15.0
556,201950,Jrue Holiday,2009,75.25,199,79.0,100.5,28.5,34.0,10.64,3.21,6.0
557,1628988,Aaron Holiday,2018,71.75,187,79.5,97.0,25.5,33.0,10.96,3.27,
558,1626178,Rondae Hollis-Jefferson,2015,77.5,210.8,86.0,104.0,32.0,38.0,10.41,3.12,13.0
559,12140,Shaheen Holloway,2000,69.5,174,70.0,91.0,,,11.22,3.32,6.0
560,203189,Tu Holloway,2012,70.5,186.8,77.5,94.5,28.0,35.0,11.0,3.42,12.0
561,12082,Jerry Holman,2003,80.75,232,87.25,109.5,33.0,37.5,11.54,3.24,11.0
562,1626182,Jonathan Holmes,2015,80.25,242.2,83.5,107.5,25.5,31.0,10.95,3.51,
563,1626158,Richaun Holmes,2015,80.25,242.8,85.5,108.0,32.5,36.0,11.24,3.32,15.0
564,12112,Jared Homan,2005,79.75,248.2,85.25,104.5,,,,,16.0
565,202715,Tyler Honeycutt,2011,78.75,186.8,81.0,105.0,30.0,37.0,11.68,3.07,
566,203918,Rodney Hood,2014,79.25,208.2,80.5,103.0,29.0,36.0,11.21,3.38,
567,12415,Scotty Hopson,2011,77.75,204.6,82.5,103.5,32.5,36.0,10.47,3.18,10.0
568,201143,Al Horford,2007,80.0,246,84.75,107.0,31.0,35.5,12.15,3.37,20.0
569,200812,Daniel Horton,2006,72.5,198,79.0,96.5,30.0,36.5,10.35,3.16,17.0
570,1629659,Talen Horton-Tucker,2019,74.5,235.4,85.25,103.0,26.0,34.5,11.34,3.34,10.0
571,12083,Sam Hoskin,2003,79.25,261,82.75,107.5,,,,,24.0
572,12215,Quinton Hosley,2007,77.0,215,83.25,105.0,28.5,34.0,12.47,3.32,12.0
573,2067,Eddie House,2000,71.75,176.5,75.5,95.0,29.5,38.5,11.12,3.27,5.0
574,2572,Josh Howard,2003,77.25,202,86.0,105.5,33.0,36.5,10.89,3.09,4.0
575,2730,Dwight Howard,2004,81.0,240,88.5,111.5,30.5,35.5,11.21,3.14,7.0
576,12179,Rolando Howell,2004,79.5,229,84.5,107.0,28.5,34.5,11.91,3.28,
577,203494,Richard Howell,2013,78.25,249.6,82.25,105.5,,,,,
578,12255,Jiri Hubalek,2008,81.5,226,82.75,109.0,20.5,26.0,12.26,3.54,2.0
579,201991,Lester Hudson,2008,71.75,196,80.75,98.5,30.5,36.0,11.15,3.16,12.0
580,1628989,Kevin Huerter,2018,78.25,194,79.5,101.5,31.0,38.0,10.89,3.09,9.0
581,12216,James Hughes,2007,81.0,209,87.0,111.0,31.0,33.0,13.31,3.37,8.0
582,203133,Robbie Hummel,2012,79.25,218,80.5,102.0,27.5,30.0,11.56,3.41,13.0
583,2415,Ryan Humphrey,2002,78.0,223,84.0,104.5,31.5,37.5,11.75,3.2,13.0
584,2743,Kris Humphries,2004,80.25,238,84.5,106.5,29.5,36.0,11.33,3.2,22.0
585,12217,Jeremy Hunt,2007,74.0,198,80.25,101.5,30.5,33.0,12.11,3.29,10.0
586,2111,Jimmie Hunter,2000,75.0,170,80.0,100.0,29.0,36.0,11.23,3.35,0.0
587,2212,Steven Hunter,2001,82.25,224,88.0,108.0,30.5,38.5,11.99,3.15,11.0
588,2599,Brandon Hunter,2003,78.5,266,86.75,105.5,32.5,35.0,11.13,3.21,25.0
589,201629,Othello Hunter,2008,78.5,220,87.0,109.5,28.0,34.5,11.51,3.18,7.0
590,1626154,R.J. Hunter,2015,76.5,185,82.5,104.0,27.5,33.5,10.87,3.26,1.0
591,1626205,Vince Hunter,2015,78.75,208.4,83.0,104.5,33.5,37.5,11.19,3.26,13.0
592,1629631,De'Andre Hunter,2019,,,,,,,,,
593,12155,Andre Hutson,2001,80.25,244,83.75,105.5,29.0,32.5,11.25,3.3,17.0
594,12218,Ekene Ibekwe,2007,80.0,208,90.0,104.0,34.5,39.0,11.0,3.28,10.0
595,12084,Sani Ibrahim,2003,80.5,229,85.0,109.5,26.0,30.5,13.02,3.4,12.0
596,12085,Michael Ignerski,2003,81.5,232,82.75,107.0,26.5,33.0,11.21,3.13,10.0
597,2738,Andre Iguodala,2004,77.75,217,83.0,105.5,30.5,34.5,11.17,3.18,4.0
598,101141,Ersan Ilyasova,2005,79.75,208.8,85.25,109.5,22.0,30.0,11.59,3.56,2.0
599,12279,Joe Ingles,2009,79.75,209.2,82.25,105.0,26.0,31.0,10.66,3.3,3.0
600,202681,Kyrie Irving,2011,73.75,191,76.0,99.0,,,,,
601,12180,Martin Iti,2004,80.5,233,89.0,111.5,26.5,32.5,12.28,3.41,13.0
602,203470,Colton Iverson,2013,82.5,262.8,86.0,110.0,26.5,30.0,11.52,3.52,12.0
603,1628411,Wesley Iwundu,2017,77.5,193.4,85.0,105.5,31.5,36.0,11.25,3.36,5.0
604,12141,Jacob Jaacks,2000,81.25,238,83.0,105.5,26.0,32.0,11.48,3.58,3.0
605,101127,Jarrett Jack,2005,74.5,197.6,79.5,100.0,26.0,28.5,10.87,3.24,5.0
606,12086,Robert Jackson,2003,79.75,254,84.0,107.5,23.5,26.0,11.26,3.25,15.0
607,2739,Luke Jackson,2004,78.0,212,80.5,103.0,26.5,36.0,11.1,3.24,13.0
608,201616,Darnell Jackson,2008,79.0,240.5,83.25,106.5,27.0,31.0,11.75,3.26,11.0
609,12417,Rick Jackson,2011,80.25,241.8,86.0,106.5,28.5,33.0,11.51,3.26,9.0
610,203510,Pierre Jackson,2013,69.5,176,70.0,90.0,,,,,
611,204211,Justin Jackson,2016,79.0,193.4,82.75,103.5,29.5,34.5,11.32,3.26,
612,1627743,Demetrius Jackson,2016,72.0,193.8,77.5,93.0,37.5,43.5,10.81,3.25,
613,1628402,Frank Jackson,2017,74.0,201.6,79.5,98.0,34.5,42.0,10.94,3.14,9.0
614,1628991,Jaren Jackson,2018,81.75,236,89.25,110.0,,,,,
615,1628992,Justin Jackson,2018,78.0,229.4,87.0,105.0,,,,,
616,1628992,Justin Jackson (UMD),2017,77.75,219.4,87.25,107.0,26.5,31.5,11.78,3.43,
617,1628382,Justin Jackson (UNC),2017,79.0,200.8,83.0,104.5,29.5,35.5,10.8,3.3,
618,12156,Nate James,2001,76.75,196,82.75,103.0,26.0,31.0,11.42,3.31,23.0
619,2544,LeBron James,2003,79.25,245,84.25,106.25,,,,,
620,12219,Dominic James,2007,70.0,175,74.0,93.0,33.5,38.5,10.94,3.11,14.0
621,12256,Shawn James,2008,79.75,217,89.0,111.0,,,,,6.0
622,202345,Damion James,2010,78.25,226.6,84.75,107.0,29.0,33.0,10.89,3.2,13.0
623,203108,Bernard James,2012,80.75,229.8,87.0,108.5,30.0,32.5,11.84,3.4,6.0
624,2060,Marko Jaric,2000,78.5,210,81.0,104.0,27.5,33.0,11.32,3.28,
625,2210,Richard Jefferson,2001,79.25,223,84.0,103.0,33.0,38.5,11.19,3.15,14.0
626,2744,Al Jefferson,2004,80.5,263,86.5,110.0,28.5,30.0,13.08,3.29,3.0
627,12257,Davon Jefferson,2008,77.25,213,81.5,105.0,27.0,32.0,12.02,3.36,2.0
628,203928,Cory Jefferson,2014,79.75,218.4,84.5,105.0,33.0,37.5,12.63,3.36,
629,2407,Jared Jeffries,2002,82.0,230,84.5,109.0,26.0,30.0,11.73,3.4,9.0
630,1629610,DaQuan Jeffries,2019,76.0,215.6,83.25,104.0,,,,,
631,2798,Horace Jenkins,2001,71.75,171,77.25,97.0,34.5,41.0,10.97,3.1,2.0
632,202724,Charles Jenkins,2011,73.5,216.4,79.5,96.5,29.5,34.0,11.68,3.18,16.0
633,203098,John Jenkins,2012,75.25,212,80.5,98.0,30.5,36.5,11.36,3.37,10.0
634,12049,Jason Jennings,2002,83.25,249,91.0,111.0,29.0,32.0,11.92,3.62,8.0
635,1629660,Ty Jerome,2019,76.25,194.4,76.0,98.0,26.0,31.5,11.21,3.4,2.0
636,203511,Grant Jerrett,2013,80.75,232,86.0,109.0,28.5,34.0,11.85,3.51,2.0
637,12157,Darrell Johns,2001,83.25,278,89.0,111.5,23.5,30.0,12.41,3.59,18.0
638,2639,Britton Johnsen,2003,82.0,212,82.75,107.5,26.5,32.5,10.67,3.08,13.0
639,12142,Nate Johnson,2000,78.5,211.5,80.5,104.0,27.0,33.5,11.9,3.33,13.0
640,2207,Joe Johnson,2001,78.75,226,81.0,105.0,32.5,36.5,12.05,3.4,12.0
641,2256,Ken Johnson,2001,82.75,227,88.0,109.5,32.5,35.0,11.27,3.12,13.0
642,2865,Arthur Johnson,2004,79.0,262,87.0,109.0,26.5,28.5,11.81,3.38,14.0
643,201234,Trey Johnson,2007,75.0,216,77.0,98.0,26.5,35.0,11.78,3.31,18.0
644,201949,James Johnson,2009,79.0,257.2,84.75,105.5,30.5,35.0,11.21,3.23,18.0
645,202325,Wesley Johnson,2010,78.25,206.4,85.0,106.0,32.0,37.0,11.43,3.14,16.0
646,202356,Armon Johnson,2010,74.0,195.2,80.0,99.5,31.5,38.5,11.25,3.19,18.0
647,202707,JaJuan Johnson,2011,81.0,219.8,86.0,107.5,33.5,38.0,11.21,3.14,15.0
648,203111,Orlando Johnson,2012,75.75,223.8,83.25,99.0,32.0,39.5,10.98,3.25,13.0
649,203910,Nick Johnson,2014,73.5,198,79.25,96.5,33.5,41.5,10.8,3.27,
650,1627744,Brice Johnson,2016,81.0,208.6,84.5,106.5,33.5,38.0,11.88,3.2,
651,1626177,Dakari Johnson,2015,83.0,264.6,86.0,112.0,22.5,25.0,11.76,3.62,4.0
652,1626169,Stanley Johnson,2015,77.0,241.8,83.5,102.0,,,,,
653,1628993,Alize Johnson,2018,79.25,216.6,80.75,103.0,25.0,31.0,11.83,3.38,8.0
654,1629640,Keldon Johnson,2019,76.75,216.4,81.25,104.0,,,,,
655,1629661,Cameron Johnson,2019,79.0,205.2,82.0,103.0,30.5,36.5,10.52,3.26,
656,203130,Darius Johnson-Odom,2012,73.5,212,79.0,96.0,33.5,41.5,10.76,3.21,17.0
657,1628514,Peter Jok,2017,76.25,202.4,80.0,102.0,26.5,31.0,11.34,3.41,
658,12143,Kenyon Jones,2000,81.0,282,85.0,108.0,28.5,30.0,12.44,3.6,20.0
659,2410,Fred Jones,2002,74.25,218,84.0,100.0,33.5,37.5,11.12,3.13,
660,2495,Lonnie Jones,2002,82.25,230,86.25,112.0,30.5,31.5,11.8,3.33,15.0
661,2563,Dahntay Jones,2003,76.75,214,81.0,102.5,30.0,39.5,10.91,3.11,
662,2592,James Jones,2003,79.25,218,86.5,107.5,30.5,33.0,11.18,3.19,9.0
663,101204,Dwayne Jones,2005,80.5,242.2,86.75,108.5,28.0,31.5,11.87,3.25,15.0
664,200780,Solomon Jones,2006,80.5,224,88.75,109.0,32.0,39.0,11.27,3.3,6.0
665,200784,Bobby Jones,2006,77.75,211,81.5,101.5,28.5,34.5,11.23,3.28,15.0
666,12258,Joseph Jones,2008,79.0,240,84.25,107.0,25.5,31.0,11.61,3.33,16.0
667,202346,Dominique Jones,2010,75.25,216,81.25,101.0,26.0,32.5,10.88,3.31,19.0
668,203093,Terrence Jones,2012,80.25,252,86.25,107.0,29.5,34.5,11.57,3.4,12.0
669,203103,Perry Jones,2012,82.25,233.8,85.75,107.0,33.0,38.5,11.31,3.19,11.0
670,203158,Kevin Jones,2012,78.25,251.2,85.5,105.0,27.5,32.5,11.94,3.6,17.0
671,1627745,Damian Jones,2016,82.25,243.6,87.75,107.0,36.0,37.0,11.35,3.2,
672,1626145,Tyus Jones,2015,72.5,184.6,77.0,97.0,26.5,32.5,11.84,3.32,2.0
673,12220,Rashad Jones-Jennings,2007,78.0,235,84.0,105.5,25.0,30.0,12.18,3.29,20.0
674,201185,Jared Jordan,2007,72.0,183,72.0,94.0,24.5,28.5,11.02,3.39,6.0
675,201599,DeAndre Jordan,2008,81.75,250,90.0,113.5,26.0,30.5,12.3,3.27,8.0
676,12329,Jerome Jordan,2010,83.5,244.2,89.25,113.0,,,,,
677,202709,Cory Joseph,2011,74.0,186.2,77.5,99.0,27.5,35.0,10.75,3.27,5.0
678,203126,Kris Joseph,2012,78.0,215,83.0,104.0,28.5,35.0,,3.46,6.0
679,1629662,Mfiondu Kabengele,2019,80.75,256.2,87.0,109.5,28.0,35.5,11.21,3.25,6.0
680,203509,Myck Kabongo,2013,73.25,180.4,78.25,98.0,27.5,33.5,10.64,3.44,2.0
681,203483,Kenny Kadji,2013,80.75,241.6,87.0,106.5,34.0,38.0,11.47,3.44,9.0
682,2549,Chris Kaman,2003,83.5,252,83.75,110.5,23.5,30.5,11.33,3.37,15.0
683,1626163,Frank Kaminsky,2015,83.75,231.2,83.0,109.5,,,,,
684,202683,Enes Kanter,2011,81.75,259.2,85.5,109.5,26.0,32.5,11.3,3.26,14.0
685,2574,Jason Kapono,2003,78.5,215,78.5,102.0,23.5,30.0,11.04,3.38,8.0
686,2077,Mark Karcher,2000,76.0,218,80.0,102.5,27.5,30.5,11.51,3.4,12.0
687,201207,Coby Karl,2007,75.0,204,83.0,99.5,32.0,34.5,11.57,3.41,9.0
688,2435,Mario Kasun,2002,83.75,260,83.5,109.0,,,,,12.0
689,12113,Mindaugas Katelynas,2005,79.5,217,83.0,105.5,31.5,35.0,11.6,3.38,7.0
690,12253,Sasha Kaun,2008,81.0,247,88.0,110.0,29.0,32.0,12.06,3.2,13.0
691,12221,Antanas Kavaliauskas,2007,81.0,237,82.5,106.5,25.5,30.0,11.19,3.42,19.0
692,12087,Jason Keep,2003,81.75,270,84.5,106.5,29.5,34.0,11.18,3.3,27.0
693,12158,Darren Kelly,2001,74.0,178,78.75,100.0,30.5,34.5,11.38,3.21,1.0
694,203527,Ryan Kelly,2013,81.75,228,83.5,110.0,,,,,
695,12260,Marcelus Kemp,2008,75.0,221,80.5,103.5,26.0,30.0,11.79,3.39,9.0
696,1628379,Luke Kennard,2017,76.5,196.2,77.25,98.5,,,,,
697,12050,Sean Kennedy,2002,72.75,182,74.5,96.0,22.5,26.5,11.64,3.28,0.0
698,12192,Viktor Keyru,2006,77.25,202,81.25,104.0,29.0,34.5,11.4,3.24,11.0
699,203077,Michael Kidd-Gilchrist,2012,77.75,232.8,84.0,104.5,32.0,35.5,11.77,3.18,6.0
700,12193,Marco Killingsworth,2006,77.5,266,87.0,104.0,28.0,32.0,11.42,3.34,13.0
701,203930,Sean Kilpatrick,2014,74.5,218.7,79.0,99.0,,,,,
702,12088,Bernard King,2003,75.75,200,77.5,98.5,28.0,33.5,11.37,3.18,11.0
703,1628994,George King,2018,76.75,218.6,83.5,101.5,31.0,39.0,10.75,3.29,15.0
704,1629663,Louis King,2019,78.75,195.2,84.25,104.5,29.0,33.0,10.99,3.28,0.0
705,200814,Tarence Kinsey,2006,76.75,179,78.75,100.5,29.0,35.5,10.67,3.3,5.0
706,203945,Alex Kirk,2014,81.25,252,87.5,109.5,28.5,31.5,11.2,3.48,
707,201318,Jason Klotz,2005,80.5,249.4,82.0,107.5,21.5,27.0,13.13,3.68,12.0
708,2688,Brandin Knight,2003,71.75,190,78.0,95.5,,,,,6.0
709,202688,Brandon Knight,2011,73.5,176.8,78.75,98.5,29.0,37.5,10.74,3.07,10.0
710,1628995,Kevin Knox,2018,79.75,212.6,83.75,108.0,,,,,
711,12181,Ivan Koljevic,2004,73.0,172,74.5,95.0,26.0,28.5,11.07,3.28,4.0
712,1628996,Sagaba Konate,2018,78.5,246,84.0,106.5,31.5,35.0,12.28,3.28,12.0
713,2594,Kyle Korver,2003,78.25,211,81.5,102.5,25.5,31.5,11.42,3.47,13.0
714,-1,Carl Krauser,2005,71.5,193.4,77.5,98.5,26.0,31.0,11.62,3.38,8.0
715,12194,Carl Krauser,2006,71.75,190,78.25,97.0,26.0,31.0,11.62,3.38,8.0
716,12144,Brandon Kurtz,2000,81.5,257,83.25,106.5,,,,,7.0
717,1628398,Kyle Kuzma,2017,80.0,222.6,84.25,107.5,27.0,34.0,10.72,3.25,12.0
718,203897,Zach LaVine,2014,76.5,180.9,80.25,100.0,33.5,41.5,10.42,3.19,
719,1627746,Skal Labissiere,2016,82.5,215.8,86.5,105.5,,,,,
720,203087,Jeremy Lamb,2012,76.0,179.2,83.0,102.0,31.5,38.0,10.98,3.25,5.0
721,203117,Doron Lamb,2012,75.25,199.4,78.75,98.5,29.0,33.5,11.12,3.41,2.0
722,12182,Herve Lamizana,2004,79.5,210,85.5,107.0,,,,,
723,2253,Sean Lampley,2001,77.5,213,81.25,101.0,36.0,40.0,11.06,3.12,12.0
724,12330,Sylven Landesberg,2010,76.75,210,81.0,100.5,28.0,32.0,11.59,3.36,8.0
725,201171,Carl Landry,2007,79.0,248,83.0,102.5,31.5,36.5,11.35,3.29,21.0
726,12051,Kris Lang,2002,81.25,242,83.75,109.0,28.0,29.0,11.36,3.24,19.0
727,2591,James Lang,2003,80.25,316,90.25,110.0,24.5,32.0,14.01,3.55,8.0
728,101247,Keith Langford,2005,74.25,203.2,81.0,101.0,32.0,29.5,11.38,3.23,8.0
729,1629641,Romeo Langford,2019,76.5,,83.0,103.0,,,,,
730,2061,Dan Langhi,2000,81.0,197.5,80.0,104.0,31.0,34.5,10.85,3.24,12.0
731,203499,Shane Larkin,2013,70.25,170.8,70.75,89.5,34.5,44.0,10.64,3.08,12.0
732,12052,Muhammed Lasege,2002,80.75,228,86.0,108.5,27.5,30.0,12.96,3.29,18.0
733,201186,Stephane Lasme,2007,77.0,213,86.0,107.0,29.5,36.0,11.73,3.22,17.0
734,201151,Acie Law,2007,74.0,186,78.5,98.0,29.0,34.0,11.0,3.22,8.0
735,202371,Gani Lawal,2010,79.5,233.4,84.0,107.5,27.0,31.5,11.61,3.24,20.0
736,201951,Ty Lawson,2009,71.25,196.6,72.75,94.5,29.0,36.5,10.98,3.12,14.0
737,1629664,Dedric Lawson,2019,79.0,233,86.25,107.5,23.5,26.0,11.8,3.6,10.0
738,1627774,Jake Layman,2016,80.0,208.6,81.25,102.0,33.0,39.5,11.35,3.24,
739,1627747,Caris LeVert,2016,77.75,191,82.0,101.0,,,,,
740,1628388,TJ Leaf,2017,80.75,222.2,83.0,107.0,29.0,34.5,11.55,3.27,6.0
741,1629665,Jalen Lecque,2019,74.5,185.2,80.5,98.5,35.0,43.0,11.09,3.29,1.0
742,203495,Ricky Ledo,2013,76.75,197.2,79.25,102.5,27.0,33.5,10.72,3.32,4.0
743,101135,David Lee,2005,79.75,229.5,84.0,106.5,30.5,32.5,10.8,3.19,14.0
744,202723,Malcolm Lee,2011,76.0,198.2,81.75,101.5,30.0,35.5,11.2,3.09,17.0
745,1629159,Marcus Lee,2016,81.0,211,87.0,107.5,28.5,35.5,11.68,3.25,
746,12222,Marko Lekic,2007,81.0,267,85.0,108.5,24.0,30.5,11.96,3.43,19.0
747,203458,Alex Len,2013,,,87.5,,,,,,
748,202695,Kawhi Leonard,2011,78.0,227.4,87.0,106.0,25.5,32.0,11.45,3.15,3.0
749,203086,Meyers Leonard,2012,83.75,249.8,87.0,108.0,30.0,32.5,11.34,3.41,19.0
750,202727,Travis Leslie,2011,75.0,205,82.5,103.0,33.0,40.5,11.0,3.13,10.0
751,203466,CJ Leslie,2013,79.5,209.2,86.25,104.5,32.5,40.5,10.19,3.1,
752,202720,Jon Leuer,2011,82.0,223.2,84.0,105.5,29.5,36.5,10.82,3.36,14.0
753,12261,Maarty Leunen,2008,79.25,222,80.0,102.5,29.5,34.5,11.57,3.36,14.0
754,12223,Ron Lewis,2007,74.0,194,78.5,99.0,33.0,38.0,11.59,3.22,16.0
755,202732,DeAndre Liggins,2011,77.0,202.2,83.0,103.5,27.0,31.0,,3.33,6.0
756,12428,David Lighty,2011,76.75,216.2,80.0,101.0,28.5,33.0,10.81,3.25,15.0
757,203081,Damian Lillard,2012,73.75,188.8,79.75,95.5,34.5,39.5,11.15,3.34,13.0
758,2778,Sergei Lishouk,2004,82.25,244,84.0,109.5,,,,,
759,12089,Donald Little,2003,81.5,229,87.0,97.0,33.0,37.0,11.18,3.2,18.0
760,1629642,Nassir Little,2019,76.5,224.2,85.25,104.5,31.0,38.5,12.15,3.24,5.0
761,2733,Shaun Livingston,2004,78.25,186,83.0,105.5,26.5,30.0,10.72,3.23,
762,12184,Jaime Lloreda,2004,78.75,247,81.5,107.0,25.5,29.5,12.93,3.23,6.0
763,12053,Steve Logan,2002,70.0,207,71.75,92.5,,,,,11.0
764,201848,Longar Longar,2008,81.0,212.5,85.25,109.5,,,,,14.0
765,1626172,Kevon Looney,2015,80.0,222.4,87.5,110.0,,,,,
766,201572,Brook Lopez,2008,83.25,258,89.5,113.0,27.5,30.5,12.77,3.57,7.0
767,2090,Justin Love,2000,73.5,205.5,76.5,97.5,31.0,38.5,10.99,3.31,24.0
768,201567,Kevin Love,2008,79.75,255,83.25,106.0,29.5,35.0,11.17,3.22,18.0
769,12114,David Lucas,2005,78.5,233.4,84.0,103.5,,,,,17.0
770,101249,John Lucas III,2005,69.25,154.4,72.0,92.0,29.0,34.0,10.44,3.14,4.0
771,2677,Kevin Lyde,2002,80.75,278,86.0,109.5,27.5,30.5,12.97,3.36,13.0
772,1628399,Tyler Lydon,2017,80.25,215,84.0,107.5,29.5,33.5,11.68,3.46,1.0
773,1626168,Trey Lyles,2015,81.0,241.2,85.5,108.0,,,,,
774,203159,Scott Machado,2012,73.0,205.8,76.0,94.5,27.0,32.5,11.26,3.3,17.0
775,202714,Shelvin Mack,2011,73.0,209,79.5,96.5,32.0,39.0,11.23,3.18,17.0
776,2432,Tito Maddox,2002,75.0,200,77.0,99.0,27.0,32.5,12.2,3.24,0.0
777,12054,Kei Madison,2002,79.75,216,84.5,107.0,27.5,34.5,11.74,3.22,6.0
778,2058,Mark Madsen,2000,80.0,236.5,84.5,104.5,30.5,33.5,12.12,3.46,13.0
779,1627748,Thon Maker,2016,83.75,216,87.0,110.5,32.0,36.5,11.15,3.33,
780,1629611,Terance Mann,2019,76.75,204.6,79.75,101.0,32.5,38.5,11.51,3.3,6.0
781,203906,Devyn Marble,2014,77.0,192.4,81.0,102.0,29.0,35.0,11.32,3.28,
782,12159,Zach Marbury,2001,73.25,183,75.5,96.5,33.0,36.5,11.53,3.1,0.0
783,2658,Chris Marcus,2003,84.0,334,92.0,114.0,,,,,12.0
784,12160,Mike Mardesich,2001,82.25,247,84.5,108.5,24.0,30.0,11.65,3.45,8.0
785,12262,Aleks Maric,2008,81.75,273,85.0,109.5,23.0,28.0,11.76,3.35,15.0
786,101185,Rawle Marshall,2005,76.5,186.6,85.0,104.0,30.5,37.0,11.64,3.21,7.0
787,203088,Kendall Marshall,2012,75.25,198.4,77.5,96.0,31.0,37.0,12.03,3.23,
788,201858,Cartier Martin,2007,76.0,218,82.0,103.5,27.0,29.5,12.1,3.43,11.0
789,1626185,Jarell Martin,2015,80.0,238.6,81.0,106.5,28.5,35.0,11.2,3.27,19.0
790,1628997,Caleb Martin,2018,76.75,195.8,82.0,101.5,29.0,36.5,10.43,3.26,6.0
791,1628998,Cody Martin,2018,76.75,188.6,82.25,102.5,29.0,36.5,10.64,3.09,4.0
792,1628998,Cody Martin,2019,76.75,192.2,82.25,102.5,28.0,35.5,10.44,3.32,7.0
793,1628412,Frank Mason III,2017,71.0,188.8,75.25,94.0,34.0,41.0,11.41,3.18,15.0
794,-1,Chris Massie,2002,78.25,248,84.0,107.0,,,,,
795,12090,Chris Massie,2003,78.5,259,85.0,106.5,26.5,33.0,12.48,3.22,13.0
796,1628999,Yante Maten,2018,79.25,246.2,84.5,107.5,27.0,31.5,11.35,3.17,18.0
797,12000,Bryant Matthews,2004,77.75,206,84.5,105.5,29.0,34.5,11.08,3.13,13.0
798,1629666,Charles Matthews,2019,77.0,194.8,81.5,103.0,29.5,37.5,11.26,3.38,9.0
799,101131,Jason Maxiell,2005,77.0,257.6,87.25,107.0,,,,,
800,101118,Sean May,2005,79.0,258.8,85.25,105.0,30.0,33.0,11.04,3.29,12.0
801,201953,Eric Maynor,2009,74.25,163.6,74.5,97.0,28.5,31.5,10.78,3.19,8.0
802,201564,O.J. Mayo,2008,75.25,200,78.0,99.5,30.5,41.0,11.04,3.14,7.0
803,201651,James Mays,2008,78.75,227,85.75,105.0,29.5,35.0,11.23,3.19,13.0
804,201601,Luc Mbah a Moute,2008,77.75,221,86.5,103.5,32.0,38.5,11.71,3.17,11.0
805,203522,Trevor Mbakwe,2013,78.75,235.8,88.0,106.5,30.0,36.5,12.01,3.32,21.0
806,203949,James McAdoo,2014,79.5,227.6,86.25,106.5,29.5,34.0,11.61,3.28,
807,203492,Ray McCallum,2013,72.25,191.4,75.25,96.5,30.5,40.0,10.82,3.25,5.0
808,12430,Demetri McCamey,2011,73.75,204,78.25,99.5,27.0,33.0,11.55,3.19,
809,101119,Rashad McCants,2005,74.75,201,82.75,103.5,32.5,34.5,10.39,3.11,15.0
810,1627775,Patrick McCaw,2016,77.25,180.8,82.0,100.5,30.0,38.0,11.01,3.3,
811,2082,Dan McClintock,2000,83.0,250,85.5,107.0,33.0,35.0,11.52,3.33,20.0
812,12282,Jack McClinton,2009,71.75,185.2,74.5,96.0,30.0,36.5,10.44,3.21,13.0
813,203468,CJ McCollum,2013,74.25,197,78.25,96.5,32.0,38.5,11.02,3.32,13.0
814,204456,TJ McConnell,2015,72.5,187.8,74.0,96.5,26.0,31.5,10.95,3.3,7.0
815,1629000,Brandon McCoy,2018,83.5,250.4,86.0,110.5,27.5,32.0,11.77,3.23,9.0
816,200840,Chris McCray,2006,75.0,187,77.75,96.5,30.5,39.0,11.46,3.34,1.0
817,1626191,Chris McCullough,2015,80.25,199,87.25,109.0,,,,,
818,203909,K.J. McDaniels,2014,76.5,195.6,83.25,102.0,33.0,37.0,12.71,3.1,
819,1629667,Jalen McDaniels,2019,80.25,191.6,84.25,105.5,29.5,33.5,11.54,3.32,0.0
820,203926,Doug McDermott,2014,78.25,218,81.25,103.0,28.5,36.5,11.1,3.29,
821,12091,Will McDonald,2003,81.5,258,87.5,109.5,25.0,32.5,11.83,3.42,17.0
822,12055,Immanuel McElroy,2002,74.25,191,78.5,100.0,,,,,9.0
823,200829,Ivan McFarlin,2005,77.5,228.6,81.0,105.5,26.5,32.0,10.64,3.27,10.0
824,201580,JaVale McGee,2008,83.0,241,90.0,114.5,27.0,32.5,12.75,3.25,7.0
825,12056,Aaron McGhee,2002,79.0,255,82.0,105.5,26.0,28.5,12.24,,
826,201187,Dominic McGuire,2007,79.0,220,82.5,104.0,28.5,34.5,10.95,3.25,12.0
827,203463,Ben McLemore,2013,75.5,189.2,79.75,100.5,32.5,42.0,11.87,3.27,6.0
828,201019,Gerry McNamara,2006,71.75,177,72.75,92.5,27.0,32.0,11.28,3.4,3.0
829,12283,Jerel McNeal,2009,73.5,190.4,79.25,99.5,31.5,36.5,10.61,3.25,10.0
830,203895,Jordan McRae,2014,75.75,179.4,84.5,104.0,27.5,34.5,11.07,3.39,
831,201177,Josh McRoberts,2007,80.0,240,85.0,106.5,27.5,31.5,11.7,3.47,12.0
832,201975,Jodie Meeks,2009,75.0,211.4,76.5,98.0,28.5,37.0,10.96,3.1,14.0
833,1628452,Kennedy Meeks,2017,80.75,276.6,85.0,106.0,28.0,30.5,12.91,3.5,15.0
834,201197,Sammy Mejia,2007,77.0,218,83.0,105.0,27.0,31.5,11.87,3.49,7.0
835,203097,Fab Melo,2012,82.75,255,86.5,110.0,29.5,31.0,12.14,3.44,9.0
836,1629001,DeAnthony Melton,2018,74.25,193.2,80.5,99.5,31.0,36.5,11.48,3.23,1.0
837,12001,Marcus Melvin,2004,78.75,241,84.0,105.5,25.0,30.5,11.81,3.33,11.0
838,2822,Rich Melzer,2004,79.5,229,86.0,107.0,24.5,28.5,11.74,3.39,8.0
839,12115,Juan Mendez,2005,77.25,231.4,84.0,106.5,29.0,33.0,11.7,3.24,14.0
840,200822,Pops Mensah-Bonsu,2006,79.5,232,84.0,105.5,31.5,36.0,11.47,3.29,19.0
841,1629002,Chimezie Metu,2018,80.5,219.6,84.5,108.0,29.5,36.0,11.89,3.33,5.0
842,2087,Pete Mickeal,2000,77.0,222,81.5,103.5,28.0,34.5,10.83,3.06,8.0
843,1626175,Jordan Mickey,2015,79.0,238,87.25,106.0,33.0,37.5,11.72,3.28,9.0
844,203114,Khris Middleton,2012,78.75,216.2,82.75,103.0,28.0,31.0,11.45,3.47,4.0
845,101223,Aaron Miles,2005,72.0,174.6,75.5,94.0,32.0,37.5,10.69,3.22,7.0
846,2545,Darko Milicic,2003,83.5,250,89.0,111.5,26.5,32.5,11.3,3.36,13.0
847,200859,Paul Miller,2006,80.5,251,84.0,101.5,29.0,35.5,12.25,3.66,25.0
848,203113,Quincy Miller,2012,80.75,218.7,85.25,105.0,30.5,36.0,11.05,3.48,8.0
849,203121,Darius Miller,2012,78.0,233.4,81.0,101.0,33.0,37.0,11.34,3.31,14.0
850,201988,Patty Mills,2009,71.25,175.4,74.0,95.0,27.5,33.0,10.87,3.1,8.0
851,200794,Paul Millsap,2006,78.25,258,85.5,105.5,28.5,32.5,11.67,3.3,15.0
852,1629003,Shake Milton,2018,76.5,207.2,84.75,99.5,30.0,33.0,11.07,3.25,2.0
853,12057,Elvin Mims,2002,76.25,211,85.5,105.5,32.0,38.0,11.17,3.22,7.0
854,2777,Ricky Minard,2004,75.25,198,79.0,101.5,27.5,33.0,10.94,3.1,13.0
855,12161,DeMarcus Minor,2001,75.25,207,80.25,99.5,29.0,41.0,10.57,3.15,9.0
856,201383,Dwayne Mitchell,2006,74.0,208,78.5,98.5,37.5,41.5,11.45,3.16,17.0
857,203183,Tony Mitchell,2012,77.25,216.4,82.0,100.0,31.5,40.0,11.72,3.47,14.0
858,203502,Tony Mitchell,2013,79.5,236.4,86.5,106.5,33.5,38.0,11.82,3.52,13.0
859,1628378,Donovan Mitchell,2017,73.25,211.4,82.0,97.0,36.5,40.5,11.53,3.01,10.0
860,202328,Greg Monroe,2010,81.75,246.6,86.25,108.5,25.0,29.0,12.1,3.35,15.0
861,12145,Brian Montonati,2000,80.75,215,82.5,106.0,25.0,29.0,11.85,3.53,5.0
862,200081,Jamario Moon,2001,78.5,185,83.5,103.0,33.0,43.0,11.64,3.08,0.0
863,12002,James Moore,2004,78.5,198,84.5,107.0,28.5,32.5,11.01,3.21,
864,12003,Marcus Moore,2004,76.0,202,81.0,101.5,25.0,30.0,11.31,3.34,
865,202734,E'Twaun Moore,2011,74.5,191.4,81.5,99.5,32.0,34.5,11.12,3.31,
866,12004,Michel Morandais,2004,75.75,205,83.5,102.0,30.5,33.5,11.45,3.22,16.0
867,1629630,Ja Morant,2019,,,,,,,,,
868,202693,Markieff Morris,2011,79.75,240.8,82.75,106.5,27.0,31.5,,3.4,11.0
869,202694,Marcus Morris,2011,79.0,229.6,82.0,105.5,29.0,33.0,,3.15,11.0
870,202721,Darius Morris,2011,75.25,190,79.5,102.0,24.5,32.0,11.0,3.2,12.0
871,1628420,Monte Morris,2017,73.25,175.2,76.0,96.5,28.0,33.5,11.0,3.19,8.0
872,200747,Adam Morrison,2006,78.5,198,82.0,105.0,25.5,30.5,11.46,3.37,11.0
873,1628405,Johnathan Motley,2017,79.75,238.2,88.0,108.0,,,,,
874,203102,Arnett Moultrie,2012,81.5,232.8,86.25,106.5,33.5,37.5,11.32,3.22,10.0
875,12058,Byron Mouton,2002,76.5,213,82.25,102.0,24.0,30.0,11.84,3.1,7.0
876,203498,Shabazz Muhammad,2013,76.75,221.8,83.0,104.5,29.5,37.0,10.99,3.32,10.0
877,201957,Byron Mullens,2009,83.75,258.2,85.5,111.0,28.5,32.5,11.1,3.45,10.0
878,2508,Gabe Muoneke,2000,78.25,244,84.5,105.0,30.5,34.0,11.0,3.4,22.0
879,2211,Troy Murphy,2001,81.75,230,83.0,105.5,28.5,34.5,11.22,3.43,11.0
880,203122,Kevin Murphy,2012,77.0,194,78.75,99.0,31.0,36.5,10.97,3.42,11.0
881,203513,Erik Murphy,2013,80.75,239.8,82.5,108.0,24.5,29.5,12.19,3.57,13.0
882,2436,Ronald Murray,2002,75.0,197,79.5,100.5,31.0,36.5,11.13,3.16,9.0
883,203488,Mike Muscala,2013,82.25,230.2,85.0,108.0,28.0,33.5,11.76,3.44,5.0
884,1629004,Svi Mykhailiuk,2017,78.5,219.6,77.0,100.0,27.0,33.0,12.4,3.53,8.0
885,1629004,Sviatoslav Mykhailiuk,2018,78.5,211.6,76.75,100.0,30.5,37.0,11.25,3.15,4.0
886,12116,Ellis Myles,2005,78.0,255.2,81.75,105.5,26.0,28.5,12.8,3.42,15.0
887,12146,Ndongo N'diaye,2000,83.5,208,87.5,112.5,24.5,27.5,13.16,3.69,4.0
888,2059,Eduardo Najera,2000,78.5,234.5,83.5,104.5,28.0,35.0,11.38,3.45,15.0
889,2006,Larry Nance,2015,79.5,226.6,85.5,108.0,29.0,37.5,10.93,3.25,10.0
890,203894,Shabazz Napier,2014,71.0,175.2,75.25,93.0,30.5,37.5,11.6,3.2,
891,12263,Drew Neitzel,2008,71.75,175.5,74.5,95.0,25.5,32.0,11.19,3.2,10.0
892,2749,Jameer Nelson,2004,71.0,199,74.5,95.0,28.5,33.5,10.95,3.14,15.0
893,201634,DeMarcus Nelson,2008,73.0,198,82.0,98.5,34.5,38.5,10.54,3.13,19.0
894,12224,Brad Newley,2007,77.0,201,80.0,102.5,29.5,31.5,11.77,3.29,3.0
895,1629005,Malik Newman,2016,74.25,182.2,77.75,97.5,30.0,35.5,10.88,3.28,
896,1629005,Malik Newman,2018,74.5,189.2,77.5,98.5,27.5,33.5,10.9,3.13,
897,12092,Jeff Newton,2003,80.0,199,85.0,106.0,27.5,34.0,11.18,3.23,9.0
898,1627777,Georges Niang,2016,78.75,230.8,82.0,103.0,25.0,31.0,11.64,3.49,
899,201193,Demetris Nichols,2007,78.0,211,84.25,105.0,28.5,32.5,10.39,3.38,16.0
900,12195,Yemi Nicholson,2006,79.75,258,88.25,107.0,26.5,26.0,12.57,3.65,8.0
901,203094,Andrew Nicholson,2012,80.5,234,88.0,107.0,28.5,30.5,11.89,3.67,10.0
902,12147,Matthew Nielsen,2000,81.0,223,82.5,106.0,26.0,29.0,11.28,3.35,3.0
903,12005,Misan Nikagbatse,2004,75.5,223,82.0,102.0,27.5,32.5,11.27,3.32,11.0
904,201149,Joakim Noah,2007,82.0,223,85.25,106.5,32.5,37.5,11.79,3.47,12.0
905,200786,David Noel,2006,76.5,223,81.5,100.0,34.5,38.5,10.54,3.07,20.0
906,203457,Nerlens Noel,2013,82.0,206.4,87.75,110.0,,,,,
907,1629668,Zach Norvell Jr.,2019,76.5,206.4,78.0,101.0,24.0,30.0,11.6,3.43,
908,200779,Steve Novak,2006,80.0,216,81.5,103.0,24.5,31.0,11.11,3.37,5.0
909,1629669,Jaylen Nowell,2019,75.25,202.4,79.25,98.0,32.0,38.5,10.76,3.23,2.0
910,12093,Uche Nsonwu-Amadi,2003,79.75,246,87.75,106.5,27.5,29.0,11.83,3.25,21.0
911,1629670,Jordan Nwora,2019,77.75,220,82.5,103.0,,,,,
912,12117,Larry O'Bannon,2005,75.0,196,78.0,99.5,31.5,36.5,11.44,3.18,17.0
913,200753,Patrick O'Bryant,2006,83.0,249,89.75,113.0,26.5,30.0,12.68,3.63,13.0
914,203124,Kyle O'Quinn,2012,80.5,240.8,88.75,106.5,31.5,31.5,11.65,3.53,
915,203948,Johnny O?Bryant III,2014,79.25,256.8,86.25,105.0,31.0,35.5,11.57,3.45,
916,201141,Greg Oden,2007,83.0,257,88.25,112.0,32.0,34.0,11.67,3.27,
917,1628400,Semi Ojeleye,2017,77.25,241.4,81.75,102.0,35.0,40.5,10.58,3.16,19.0
918,12059,Uche Okafor,2002,81.0,229,89.5,112.0,24.5,25.0,14.45,3.34,10.0
919,2731,Emeka Okafor,2004,80.75,257,88.0,110.5,31.5,34.0,12.32,3.15,22.0
920,1629643,Chuma Okeke,2019,,,,,,,,,
921,1629006,Josh Okogie,2018,75.0,210.8,84.0,102.0,33.0,42.0,11.08,3.04,12.0
922,1629644,KZ Okpala,2019,79.25,209.6,85.75,106.5,30.5,37.0,10.88,3.38,9.0
923,12094,Ugonna Okyekwe,2003,79.25,228,87.0,109.0,32.0,36.5,11.43,3.2,8.0
924,203506,Victor Oladipo,2013,75.25,213.2,81.25,100.5,33.0,42.0,10.69,3.25,15.0
925,1628419,Cameron Oliver,2017,79.0,238.6,85.25,106.5,28.0,39.5,12.17,3.16,5.0
926,203482,Kelly Olynyk,2013,82.75,234,81.75,108.0,24.5,29.5,11.42,3.59,5.0
927,1629671,Miye Oni,2019,76.25,205.6,82.75,100.5,30.5,38.5,11.71,3.17,19.0
928,1627778,Chinanu Onuaku,2016,81.0,245.2,86.75,108.5,27.5,33.5,11.65,3.5,
929,12006,Randall Orr,2004,81.0,193,82.5,107.5,26.5,33.0,11.18,3.27,6.0
930,202350,Daniel Orton,2010,80.75,269.2,88.25,110.5,24.0,30.5,12.32,3.39,13.0
931,12162,Troy Ostler,2001,80.75,200,85.5,106.5,26.5,29.5,13.42,3.5,2.0
932,1626162,Kelly Oubre,2015,77.75,202.8,86.25,102.5,34.5,37.0,11.09,3.32,7.0
933,2442,Chris Owens,2002,79.0,237,83.5,104.0,,,,,10.0
934,201624,David Padgett,2008,82.25,239.5,85.0,109.5,24.0,28.0,12.45,3.45,17.0
935,12007,Dylan Page,2004,79.5,239,79.0,105.0,26.0,30.0,10.99,3.4,17.0
936,1627779,Marcus Paige,2016,72.5,163.8,78.25,97.0,33.5,39.5,10.82,3.15,
937,40046,Lazaros Papadopoulos,2001,82.25,227,86.5,110.5,23.0,26.0,12.0,3.7,4.0
938,12334,Artsiom Parakhouski,2010,82.25,268.2,85.0,109.5,25.5,26.5,12.07,3.33,16.0
939,2457,Jannero Pargo,2002,72.25,168,74.5,96.0,25.5,29.5,11.11,3.2,5.0
940,12264,Jeremy Pargo,2008,72.5,208,77.0,96.0,32.0,37.0,10.65,3.07,7.0
941,2470,Smush Parker,2002,74.5,179,82.0,107.5,21.0,28.5,12.3,3.26,1.0
942,101248,Marlon Parmer,2003,72.75,184,75.5,97.0,28.0,32.0,,3.42,13.0
943,202718,Chandler Parsons,2011,80.75,221.2,81.5,104.5,25.5,31.5,11.05,3.29,4.0
944,-1,Drago Pasalic,2004,81.25,231,83.5,108.0,25.5,30.0,12.97,3.56,8.0
945,12118,Drago Pasalic,2005,81.5,238.8,83.75,108.5,25.0,30.5,12.12,3.48,11.0
946,1629672,Eric Paschall,2019,78.0,254.4,87.75,103.5,33.0,38.0,11.63,3.3,18.0
947,202335,Patrick Patterson,2010,80.0,239.6,85.25,107.0,28.5,33.5,11.14,3.25,17.0
948,203934,Lamar Patterson,2014,76.0,226,83.0,101.0,27.5,32.5,11.63,3.45,
949,1628383,Justin Patton,2017,82.0,229,87.0,111.5,26.0,30.5,11.8,3.46,
950,101108,Chris Paul,2005,71.75,178,76.25,93.0,32.0,38.0,11.09,3.22,10.0
951,203464,Brandon Paul,2013,74.75,201,82.25,98.0,33.5,39.5,11.16,3.37,15.0
952,12008,Rickey Paulding,2004,74.75,210,81.5,101.5,30.0,36.0,11.14,3.17,17.0
953,203940,Adreian Payne,2014,81.0,238.5,88.0,109.0,,,,,
954,1626166,Cameron Payne,2015,72.75,182.8,79.25,97.5,29.75,35.5,10.9,3.28,0.0
955,203901,Elfrid Payton,2014,74.5,185.4,80.0,98.5,31.5,35.5,11.06,3.23,
956,1627780,Gary Payton II,2016,74.0,183.8,80.0,99.5,31.5,38.5,11.57,3.23,
957,12095,Stephane Pelle,2003,79.0,246,86.0,107.0,28.5,33.0,11.37,3.27,17.0
958,203658,Norvel Pelle,2013,81.5,207.2,86.5,109.0,31.0,34.5,11.49,3.32,0.0
959,12009,Kelvin Pena,2004,74.25,182,78.5,99.5,27.5,32.5,11.5,3.24,1.0
960,2632,Kirk Penney,2003,77.0,218,77.25,97.0,32.0,35.5,10.44,3.04,15.0
961,1629617,Reggie Perry,2019,80.0,250.8,84.5,106.0,28.5,31.5,12.46,3.3,15.0
962,1628409,Alec Peters,2017,79.25,232,82.75,105.0,,,,,
963,1626189,Terran Petteway,2015,76.75,209.2,83.25,104.5,25.0,31.0,10.91,3.32,15.0
964,12164,Rashad Phillips,2001,69.0,166,73.5,92.0,27.0,32.0,11.93,3.27,5.0
965,2773,Tim Pickett,2004,75.0,207,79.5,100.5,,,,,
966,12196,Danilo Pinnock,2006,74.75,204,79.5,100.5,29.5,35.5,11.91,3.08,7.0
967,1629033,Theo Pinson,2018,77.0,211.2,82.75,103.5,27.0,34.0,11.53,3.22,7.0
968,202354,Dexter Pittman,2010,81.5,302.6,90.0,111.0,,,,,
969,200819,Kevin Pittsnogle,2005,81.25,259.2,82.5,106.0,,,,,
970,12265,Trent Plaisted,2008,81.25,240,82.5,105.5,30.5,35.5,11.32,3.17,14.0
971,203101,Miles Plumlee,2012,82.5,252.4,84.75,105.5,34.0,40.5,10.64,3.36,15.0
972,203486,Mason Plumlee,2013,83.25,238.2,83.0,108.0,30.5,36.0,10.89,3.29,14.0
973,2750,Pavel Podkolzin,2003,87.5,303,89.75,116.0,19.5,22.5,13.4,3.8,5.0
974,1627751,Jakob Poeltl,2016,84.25,239,86.75,111.5,,,,,
975,1629044,Shamorie Ponds,2019,71.5,180,75.5,96.5,29.0,37.0,11.01,3.2,0.0
976,1629673,Jordan Poole,2019,75.5,190.8,78.75,99.5,28.0,35.5,10.59,3.27,
977,2084,Chris Porter,2000,77.5,214,81.5,103.5,28.5,35.0,10.93,3.2,6.0
978,12165,Demetrius Porter,2001,70.75,178,74.75,94.0,26.0,31.0,11.5,3.34,5.0
979,203490,Otto Porter,2013,79.5,197.6,85.5,105.5,27.0,36.0,11.25,3.4,9.0
980,1629007,Jontay Porter,2018,82.0,236,84.25,109.0,25.5,31.0,11.9,3.4,9.0
981,1629008,Michael Porter,2018,81.5,211,84.25,108.5,,,,,
982,1629007,Jontay Porter,2019,81.75,210.4,84.0,109.5,,,,,
983,1629645,Kevin Porter Jr.,2019,76.0,212.6,81.0,103.0,27.0,34.0,10.82,3.14,2.0
984,1626171,Bobby Portis,2015,81.5,246.2,86.0,108.5,25.0,31.5,11.78,3.56,5.0
985,2068,Lavor Postell,2000,76.5,205,80.5,101.5,33.5,36.5,11.79,3.3,17.0
986,2694,Josh Powell,2003,80.0,227,85.0,107.5,32.5,38.5,11.72,3.2,15.0
987,101232,Roger Powell,2005,76.75,218.6,83.5,104.0,,,,,
988,201225,Carlos Powell,2005,77.25,221.8,82.75,105.0,27.5,34.5,11.54,3.21,12.0
989,203939,Dwight Powell,2014,81.5,234.4,84.5,105.0,28.5,35.0,11.28,3.2,
990,1626181,Norman Powell,2015,75.0,215.4,82.75,102.5,32.5,40.5,10.69,3.2,5.0
991,203515,Phil Pressey,2013,69.5,177,74.25,92.0,33.0,38.5,10.86,3.13,7.0
992,1629009,Billy Preston,2018,80.75,222.4,86.0,108.0,25.0,33.0,11.26,3.2,0.0
993,12096,Hollis Price,2003,71.5,165,76.5,94.5,27.5,33.0,10.72,3.25,1.0
994,101179,Ronnie Price,2005,72.75,184.8,77.5,96.5,31.5,39.0,10.49,3.29,11.0
995,201985,A.J. Price,2009,72.5,192.8,75.75,97.0,26.0,31.0,10.99,3.22,11.0
996,1627752,Taurean Prince,2016,78.5,220.2,83.5,102.0,34.0,36.0,10.96,3.24,
997,12266,Quan Prowell,2008,78.75,225.5,82.5,103.5,32.0,36.0,11.79,3.14,16.0
998,12267,Shaun Pruitt,2008,80.25,242.2,85.0,107.5,27.0,32.5,11.3,3.4,10.0
999,1627753,Zhou Qi,2016,85.25,218.2,91.75,112.5,31.5,32.0,11.27,3.46,
1000,1626180,Michael Qualls,2015,76.0,201.4,84.25,104.5,34.0,39.5,11.88,3.18,9.0
1001,1629674,Neemias Queta,2019,82.75,225.8,88.25,111.5,24.0,32.5,12.04,3.73,1.0
1002,200809,Chris Quinn,2006,72.5,175,77.0,94.0,32.0,37.0,11.25,3.25,7.0
1003,12010,Omar Quintero,2004,69.75,170,71.5,92.5,25.0,29.0,11.37,3.25,2.0
1004,1628397,Ivan Rabb,2017,80.75,219.6,85.5,109.0,28.5,32.5,12.68,3.35,3.0
1005,12225,Ivan Radenovic,2007,81.0,226,83.75,106.0,23.0,28.0,11.61,3.6,7.0
1006,2080,Igor Rakocevic,2000,74.5,184,77.25,100.0,27.5,34.0,10.4,3.1,9.0
1007,2762,Peter Ramos,2004,85.75,266,89.5,111.5,24.0,26.5,12.61,3.6,2.0
1008,12166,Martin Rancik,2001,80.75,230,80.0,102.5,32.0,37.0,10.77,3.19,14.0
1009,203944,Julius Randle,2014,79.75,249.7,84.0,105.5,29.0,35.5,11.45,3.27,
1010,1626184,Chasson Randle,2015,72.25,178.8,79.0,96.5,33.5,39.5,10.63,3.2,6.0
1011,201576,Anthony Randolph,2008,81.0,197,87.0,109.0,29.0,35.0,11.86,3.26,7.0
1012,202360,Andy Rautins,2010,76.25,191.6,79.0,100.0,23.5,30.5,11.27,3.49,8.0
1013,12148,Reed Rawlings,2000,78.25,218,81.25,104.0,28.5,33.5,11.1,3.27,13.0
1014,200810,Allan Ray,2006,73.0,204,80.5,99.5,28.5,35.5,11.01,3.2,9.0
1015,2458,Luke Recker,2002,76.75,198,79.0,101.0,25.5,31.0,10.78,3.27,13.0
1016,2072,Michael Redd,2000,76.75,214,81.0,102.0,27.0,31.0,12.06,3.34,12.0
1017,1629629,Cameron Reddish,2019,78.5,207.8,84.5,105.5,,,,,
1018,200755,JJ Redick,2006,76.0,190,75.25,97.5,27.5,33.0,10.94,3.29,6.0
1019,12149,Damon Reed,2000,80.5,228,81.5,104.5,27.5,31.5,11.21,3.31,4.0
1020,1628432,Davon Reed,2017,76.5,206.2,84.0,102.0,28.5,36.0,11.37,3.34,12.0
1021,12021,Aubrey Reese,2000,70.75,189,77.5,94.5,31.5,37.5,11.13,3.25,14.0
1022,1629675,Naz Reid,2019,80.25,255.8,87.25,109.0,26.0,32.5,12.03,3.42,3.0
1023,2876,Jared Reiner,2004,82.0,246,84.5,109.0,22.0,26.0,12.65,3.56,15.0
1024,12226,JR Reynolds,2007,72.0,188,75.25,95.0,27.5,34.5,11.69,3.24,15.0
1025,12268,Charles Rhodes,2008,79.25,244,83.25,107.5,26.5,33.5,11.51,3.13,14.0
1026,203318,Glen Rice,2013,76.5,210.8,81.25,101.5,33.0,40.5,10.99,3.25,10.0
1027,201181,Chris Richard,2007,79.0,252,88.5,110.5,26.5,30.5,11.39,3.29,15.0
1028,12338,Ryan Richards,2010,82.5,230.2,85.5,110.0,25.0,28.5,11.33,3.37,4.0
1029,2202,Jason Richardson,2001,76.75,213,83.5,102.5,32.5,39.5,11.75,3.12,15.0
1030,2369,Norman Richardson,2001,75.5,180,76.5,99.0,30.5,35.5,10.97,3.15,2.0
1031,1627781,Malachi Richardson,2016,76.75,199.6,84.0,101.5,33.0,38.0,10.56,3.33,
1032,12436,Jereme Richmond,2011,78.0,207.2,82.25,106.5,27.0,33.5,11.74,3.02,0.0
1033,2557,Luke Ridnour,2003,73.0,167,75.0,95.5,26.0,32.5,11.0,3.28,0.0
1034,12259,John Riek,2008,82.5,237,92.75,,,,,,
1035,203085,Austin Rivers,2012,75.5,202.8,79.25,96.5,32.5,37.5,11.54,3.32,1.0
1036,2121,Terrance Roberson,2000,77.5,209,80.0,103.5,29.0,32.5,11.66,,11.0
1037,101194,Anthony Roberson,2005,72.75,178.8,74.75,95.0,31.5,37.0,11.17,3.19,14.0
1038,203460,Andre Roberson,2013,78.25,205.8,83.0,104.5,30.0,36.5,11.36,3.34,10.0
1039,12061,Rolan Roberts,2002,77.75,241,85.0,105.5,32.5,37.5,11.36,3.33,16.0
1040,101160,Lawrence Roberts,2004,79.5,233,81.5,106.5,27.5,33.0,12.52,3.3,18.0
1041,12269,Brian Roberts,2008,72.25,173,73.25,95.0,31.5,36.5,10.65,3.05,10.0
1042,12022,Julius Doc Robinson,2000,72.0,184,75.75,95.5,30.0,37.5,12.54,3.41,0.0
1043,12062,Travis Robinson,2002,77.25,211,82.5,104.5,26.0,33.0,11.96,3.43,3.0
1044,2774,Bernard Robinson,2004,77.25,208,82.0,102.0,28.5,34.5,10.91,3.17,14.0
1045,101126,Nate Robinson,2004,67.75,181,73.0,91.5,35.5,43.5,10.75,2.96,13.0
1046,201015,Antywane Robinson,2006,78.25,217,86.5,105.5,29.0,32.5,11.73,3.4,12.0
1047,201781,Russell Robinson,2008,72.5,196,80.0,100.5,25.0,31.5,11.3,3.15,8.0
1048,202383,Stanley Robinson,2010,78.5,213.2,84.0,107.5,,37.5,11.65,3.23,6.0
1049,203080,Thomas Robinson,2012,79.75,244.2,87.25,106.0,28.5,35.5,11.96,3.17,15.0
1050,1629010,Jerome Robinson,2018,76.0,188.4,79.25,98.0,,,,,
1051,1628421,Devin Robinson,2017,79.0,189.6,84.75,106.0,35.5,41.5,12.85,3.23,10.0
1052,203922,Glenn Robinson III,2014,77.5,211.4,82.0,100.5,36.5,41.5,11.22,3.15,
1053,12270,Richard Roby,2008,76.25,203,81.75,104.0,,,,,
1054,1629676,Isaiah Roby,2019,79.25,214,85.0,106.0,32.5,35.5,10.63,3.25,9.0
1055,201565,Derrick Rose,2008,73.5,196,80.0,98.5,34.5,40.0,11.69,3.05,10.0
1056,203082,Terrence Ross,2012,78.0,196.6,79.25,100.5,31.0,37.5,11.78,3.28,2.0
1057,203941,LaQuinton Ross,2014,78.5,238.7,85.75,106.0,25.0,31.0,11.97,3.44,
1058,200750,Brandon Roy,2006,77.25,207,80.0,101.0,34.0,40.5,11.13,3.27,6.0
1059,1626179,Terry Rozier,2015,72.5,190.2,80.25,98.5,33.0,38.0,10.84,3.15,7.0
1060,2416,Kareem Rush,2002,76.75,199,81.75,103.5,26.0,30.0,11.86,3.22,15.0
1061,201575,Brandon Rush,2005,77.0,211.4,83.25,104.5,32.5,35.0,11.33,3.31,0.0
1062,1626156,D?Angelo Russell,2015,75.25,193.4,81.75,102.0,,,,,
1063,12063,Brooks Sales,2002,81.0,232,82.0,108.0,26.0,29.5,11.05,3.29,13.0
1064,12227,Dustin Salisbery,2007,75.0,208,80.0,100.5,34.0,38.0,11.07,3.12,11.0
1065,2422,John Salmons,2002,77.5,207,82.25,104.0,30.5,34.5,11.35,3.25,12.0
1066,1629677,Luka Samanic,2019,81.5,227.2,82.5,107.0,27.0,38.0,11.01,3.27,7.0
1067,12023,Pepe Sanchez,2000,75.0,194,75.5,96.0,26.0,31.0,11.62,3.44,8.0
1068,12011,Aerick Sanders,2004,78.5,205,83.5,106.0,24.5,30.5,11.98,3.37,9.0
1069,202336,Larry Sanders,2010,81.25,222.4,89.75,112.0,25.5,28.0,12.49,3.27,7.0
1070,12024,Matt Santangelo,2000,72.0,177,75.0,94.0,33.5,43.0,10.66,3.06,12.0
1071,2219,Jeryl Sasser,2001,77.5,194,82.5,103.5,29.0,34.0,11.47,3.22,1.0
1072,2781,Romain Sato,2004,74.0,204,83.0,102.5,31.5,35.5,11.27,3.18,8.0
1073,203107,Tomas Satoransky,2012,78.5,200.6,79.25,100.0,,,,,
1074,12167,Kenny Satterfield,2001,73.0,176,76.5,98.0,28.5,33.0,12.05,3.2,3.0
1075,2453,Predrag Savovic,2002,76.75,212,79.0,102.0,22.5,28.5,10.94,3.38,13.0
1076,2243,Brian Scalabrine,2001,80.75,241,81.75,105.5,27.0,30.5,11.75,3.47,14.0
1077,2637,Alex Scales,2000,74.25,184.5,81.0,97.5,38.5,42.5,10.98,3.21,10.0
1078,101195,Luke Schenscher,2005,83.75,241.6,89.0,111.5,23.5,26.5,12.4,3.47,1.0
1079,12341,Jon Scheyer,2010,76.75,180,75.25,99.0,,,,,
1080,-1,Blake Schilb,2006,77.25,209,80.75,102.0,28.5,34.5,11.25,3.43,13.0
1081,12228,Blake Schilb,2007,77.0,214,81.0,102.5,26.5,33.5,11.63,3.36,11.0
1082,1629678,Admiral Schofield,2019,76.0,240.6,81.75,102.5,30.0,34.0,10.77,3.37,15.0
1083,203471,Dennis Schroder,2013,73.0,164.8,79.75,98.0,30.0,34.0,11.09,3.21,1.0
1084,203118,Mike Scott,2012,79.25,240.8,82.75,104.0,27.0,32.5,11.59,3.44,14.0
1085,12168,Lee Scruggs,2001,82.25,209,89.75,110.5,23.5,29.5,13.28,3.55,0.0
1086,12229,Renaldas Seibutis,2007,76.0,185,80.75,101.0,24.0,32.5,11.33,3.39,1.0
1087,12012,Blagota Sekulic,2004,81.25,234,83.0,107.0,23.5,31.5,10.93,3.39,8.0
1088,202729,Josh Selby,2011,73.75,194.6,77.25,98.0,29.5,42.0,11.13,3.2,5.0
1089,1627782,Wayne Selden,2016,76.25,232.4,82.5,101.0,,,,,
1090,200754,Mouhamed Sene,2006,83.0,237,92.5,113.0,28.5,31.0,12.52,3.38,7.0
1091,201324,Julian Sensley,2002,79.0,228,83.5,105.5,27.5,31.5,11.85,3.32,8.0
1092,201196,Ramon Sessions,2007,74.0,185,76.25,97.5,29.5,33.5,11.65,3.27,8.0
1093,1629012,Collin Sexton,2018,72.5,183,79.25,98.5,,,,,
1094,12025,Karim Shabazz,2000,83.5,224,87.0,111.5,24.5,28.0,12.72,3.36,2.0
1095,201203,Mustafa Shakur,2007,75.0,185,77.5,99.0,28.5,35.0,11.82,3.27,11.0
1096,1629013,Landry Shamet,2018,76.0,188.6,78.75,100.0,31.0,39.5,11.26,3.11,8.0
1097,1629621,Marial Shayok,2019,76.5,196.8,84.25,103.5,29.5,36.5,11.16,3.37,9.0
1098,12064,Israel Sheinfeld,2002,80.25,239,81.75,106.5,,,,,8.0
1099,12026,Nick Sheppard,2000,81.5,273,83.0,107.5,23.5,25.5,12.14,3.52,18.0
1100,12097,Joe Shipp,2003,76.0,224,82.0,103.0,29.0,34.5,11.75,3.2,17.0
1101,1629679,Simisola Shittu,2019,80.5,227.2,85.25,106.0,27.0,35.5,11.85,3.3,11.0
1102,12065,Preston Shumpert,2002,78.0,197,80.5,103.5,28.5,29.0,11.03,3.24,9.0
1103,202697,Iman Shumpert,2011,76.25,221.8,81.5,99.5,36.5,42.0,11.1,3.18,18.0
1104,1627783,Pascal Siakam,2016,80.25,226.6,87.25,107.5,30.5,36.5,11.25,3.41,
1105,101134,Wayne Simien,2005,79.25,255.8,84.0,107.0,27.0,27.5,11.05,3.35,11.0
1106,2250,Bobby Simmons,2001,78.25,235,84.25,105.0,27.5,34.0,11.69,3.41,12.0
1107,12120,Tre Simmons,2005,76.0,194.2,79.5,102.5,27.0,31.5,10.8,3.18,3.0
1108,200759,Cedric Simmons,2006,80.25,223,88.25,108.5,30.5,35.0,11.05,3.31,15.0
1109,1628424,Kobi Simmons,2017,75.25,166.2,78.0,99.0,30.5,38.5,11.15,3.18,3.0
1110,12121,David Simon,2005,80.0,258.8,87.5,108.0,28.0,33.0,11.98,3.44,18.0
1111,1629014,Anfernee Simons,2018,74.25,183.2,81.25,99.5,32.0,41.5,11.27,3.1,1.0
1112,203156,Henry Sims,2012,82.0,241.2,88.0,108.0,26.5,29.5,12.33,3.44,7.0
1113,202713,Kyle Singler,2011,79.5,228,82.1,106.0,23.0,30.0,11.22,3.21,10.0
1114,201606,Sean Singletary,2008,71.0,183.8,76.5,95.0,26.0,,,,18.0
1115,202698,Chris Singleton,2011,79.75,230.2,85.0,103.5,30.5,37.5,11.33,3.09,15.0
1116,203491,Peyton Siva,2013,71.5,180.6,75.0,93.0,33.5,41.5,10.59,3.16,15.0
1117,12441,Jamie Skeen,2011,78.5,241.6,85.25,106.5,26.0,30.5,12.43,3.46,10.0
1118,201201,Marcus Slaughter,2006,79.0,220,83.5,104.5,30.0,34.0,11.56,3.4,9.0
1119,2447,Tamar Slay,2002,78.75,203,83.5,104.0,32.5,38.0,10.94,3.09,11.0
1120,12098,Ron Slay,2003,78.0,236,82.0,103.5,28.5,31.5,12.01,3.43,10.0
1121,203935,Marcus Smart,2014,74.0,227.2,81.25,99.0,33.0,36.0,10.82,3.26,
1122,2065,Mike Smith,2000,78.5,198,80.5,103.0,33.0,21.0,11.32,3.22,12.0
1123,2074,Jabari Smith,2000,81.75,240.5,86.5,109.5,24.5,30.0,12.45,3.43,15.0
1124,2596,Tommy Smith,2003,81.0,200,86.5,107.5,30.0,33.0,11.54,3.14,2.0
1125,2604,Theron Smith,2003,78.5,234,82.25,104.5,28.5,32.0,10.99,3.1,25.0
1126,2746,Josh Smith,2004,79.0,221,84.0,106.5,32.5,39.5,11.43,3.24,12.0
1127,2747,J.R. Smith,2004,77.5,227,82.0,104.0,29.0,35.5,10.93,3.21,5.0
1128,200783,Craig Smith,2006,77.5,259,81.5,103.5,30.0,29.5,11.59,3.4,
1129,200848,Steven Smith,2006,79.5,238,84.5,104.0,29.5,34.5,12.08,3.4,15.0
1130,201160,Jason Smith,2007,82.75,233,82.75,106.0,33.5,37.5,10.96,3.29,15.0
1131,12284,Tyler Smith,2009,77.25,212,81.75,104.5,29.0,33.5,10.69,3.24,10.0
1132,12442,Gregory Smith,2011,80.0,252.8,86.5,106.5,29.5,36.0,12.43,3.36,17.0
1133,202701,Nolan Smith,2011,73.5,187.6,77.5,99.0,28.5,34.0,11.05,3.17,9.0
1134,1629015,Zhaire Smith,2018,74.75,198.6,81.75,100.0,33.0,41.5,11.02,3.05,10.0
1135,203893,Russ Smith,2014,71.5,160,75.5,95.0,29.5,34.0,11.57,3.27,
1136,203503,Tony Snell,2013,78.0,198.2,83.5,105.5,30.0,36.5,11.36,3.25,7.0
1137,2745,Kirk Snyder,2004,78.0,228,81.0,104.0,30.0,35.0,10.79,3.13,19.0
1138,2226,Will Solomon,2001,71.75,172,81.5,99.5,28.5,35.0,11.3,3.22,4.0
1139,2443,Darius Songaila,2002,80.0,240,85.0,108.5,24.5,29.5,11.69,3.52,8.0
1140,203480,James Southerland,2013,79.0,220.6,85.0,106.0,29.0,32.0,10.9,3.38,5.0
1141,23033,Michael Southhall,2006,81.5,241,88.25,107.5,31.5,37.0,12.29,3.51,2.0
1142,2776,Pape Sow,2004,80.5,233,86.0,108.5,28.0,31.5,12.13,3.27,18.0
1143,1629034,Ray Spalding,2018,81.0,215.4,88.75,109.0,26.0,32.0,11.48,3.34,12.0
1144,1629016,Omari Spellman,2018,80.0,253.8,86.0,107.5,28.5,35.5,12.28,3.38,8.0
1145,12014,Tiago Splitter,2004,82.25,233,86.0,109.5,26.0,31.5,11.65,3.38,8.0
1146,203917,Nik Stauskas,2014,77.25,206.9,79.75,102.0,29.0,35.5,10.79,3.27,
1147,12271,Ronald Steele,2008,72.25,183.5,76.25,97.5,25.0,29.5,11.08,3.26,5.0
1148,12027,Jarrett Stephens,2000,77.25,258,81.25,103.0,27.0,29.0,11.98,3.46,13.0
1149,202362,Lance Stephenson,2010,76.5,227,82.5,103.0,27.0,33.0,11.39,3.38,10.0
1150,12015,Blake Stepp,2004,,,,,,,,,
1151,12169,Greg Stevenson,2001,75.75,215,84.5,102.0,30.0,35.5,11.29,3.23,15.0
1152,12199,Frans Steyn,2006,85.25,280,86.25,109.0,28.5,29.5,11.67,3.38,
1153,201028,Curtis Stinson,2006,73.75,208,77.0,97.5,28.0,31.5,10.95,3.27,17.0
1154,203950,Jarnell Stokes,2014,79.0,262.8,85.25,103.5,31.0,36.0,11.92,3.26,
1155,12099,Marvin Stone,2003,81.5,261,87.5,109.5,25.5,27.5,12.1,3.5,9.0
1156,1627754,Diamond Stone,2016,81.0,254.4,86.75,108.5,27.0,29.5,12.02,3.5,
1157,2405,Amar'e Stoudemire,2002,80.5,233,85.75,108.5,32.0,35.5,11.19,3.25,12.0
1158,201199,DJ Strawberry,2007,75.75,199,78.5,101.0,28.5,35.0,10.87,3.14,21.0
1159,201155,Rodney Stuckey,2007,75.75,207,79.25,100.5,30.5,35.0,11.34,3.11,14.0
1160,203096,Jared Sullinger,2012,79.75,268.2,85.25,105.5,29.5,31.0,12.77,3.81,9.0
1161,201969,DaJuan Summers,2009,79.25,243,84.75,106.5,29.5,34.5,10.94,3.17,15.0
1162,1628410,Edmond Sumner,2017,76.0,176.4,81.0,102.5,,,,,
1163,12230,Curtis Sumpter,2007,78.0,227,81.5,104.0,27.5,32.5,11.3,3.22,12.0
1164,201180,Yue Sun,2007,79.75,212,81.0,105.0,29.0,34.0,10.68,3.45,9.0
1165,1628403,Caleb Swanigan,2016,79.5,246.6,87.5,107.0,26.0,29.0,12.8,,
1166,1628403,Caleb Swanigan,2017,79.5,245.6,87.0,108.0,,,,,
1167,2552,Michael Sweetney,2003,79.25,262,85.0,107.5,26.0,31.5,12.9,3.28,3.0
1168,1626208,Keifer Sykes,2015,70.5,167.2,74.0,93.0,34.0,43.0,10.47,3.13,8.0
1169,101147,Chris Taft,2005,80.5,261,85.75,109.0,28.5,33.0,11.26,3.27,14.0
1170,201249,Jamaal Tatum,2007,71.5,168,74.5,93.5,28.5,33.0,11.51,3.22,7.0
1171,2445,Marcus Taylor,2002,73.0,181,76.5,98.5,27.5,33.5,11.25,3.31,4.0
1172,12272,Bryce Taylor,2008,74.75,210,81.0,99.5,34.5,41.0,11.08,3.19,16.0
1173,201446,Mike Taylor,2008,72.75,166.2,79.25,98.0,31.0,39.0,10.98,3.08,2.0
1174,201966,Jermaine Taylor,2009,75.5,207.4,80.75,101.0,34.0,37.5,11.54,3.32,16.0
1175,12507,Jordan Taylor,2012,73.0,192.8,75.0,92.5,33.0,36.5,10.57,3.19,14.0
1176,203106,Jeff Taylor,2012,78.0,212.8,78.25,101.5,33.5,40.0,10.87,3.29,15.0
1177,203116,Tyshawn Taylor,2012,74.75,177,78.25,97.5,32.0,36.5,11.48,3.2,0.0
1178,201952,Jeff Teague,2009,72.25,175.2,79.5,98.5,30.5,36.5,11.05,3.18,13.0
1179,203104,Marquis Teague,2012,73.0,179.8,79.25,96.5,32.5,40.5,10.65,3.19,8.0
1180,12232,Reyshawn Terry,2007,78.75,222,82.0,103.5,31.0,37.5,11.76,3.26,18.0
1181,201934,Hasheem Thabeet,2009,85.25,267.2,90.25,113.0,,,,,
1182,203904,Xavier Thames,2014,74.25,187,76.0,96.0,29.0,32.5,11.48,3.48,
1183,12297,Jobey Thomas,2002,74.75,183,77.75,99.5,26.0,32.0,11.46,3.3,13.0
1184,12119,Omar Thomas,2005,75.25,200,80.0,102.0,25.0,29.5,11.11,3.27,6.0
1185,12122,Chris Thomas,2005,71.75,176.2,75.0,95.0,28.5,34.0,10.84,3.33,14.0
1186,200748,Tyrus Thomas,2006,79.25,217,87.0,108.0,34.0,39.5,11.36,3.2,8.0
1187,12445,Malcolm Thomas,2011,79.5,223,84.5,107.5,32.0,36.5,11.31,3.29,3.0
1188,202738,Isaiah Thomas,2011,68.75,186,73.75,91.5,31.5,40.0,10.49,3.14,13.0
1189,203472,Deshaun Thomas,2013,77.0,219.8,82.0,104.0,28.5,32.0,12.94,3.53,5.0
1190,203519,Adonis Thomas,2013,76.75,231.8,85.0,99.0,34.5,40.5,11.64,3.32,13.0
1191,1629017,Khyri Thomas,2018,74.5,198.8,82.5,101.0,30.0,35.0,10.96,3.18,14.0
1192,202717,Trey Thompkins,2011,80.5,239,85.0,107.5,27.5,30.5,11.72,3.41,15.0
1193,101159,Dijon Thompson,2005,78.25,195.8,81.75,105.5,,,,,
1194,202684,Tristan Thompson,2011,79.5,227.4,85.25,108.5,30.0,35.0,10.92,3.26,9.0
1195,202691,Klay Thompson,2011,77.75,205.6,81.0,103.5,26.5,31.5,10.99,3.24,5.0
1196,203138,Hollis Thompson,2012,78.75,206,81.5,102.5,28.5,36.5,11.72,3.38,6.0
1197,12028,Bootsy Thornton,2000,75.5,194.5,78.5,101.5,26.5,31.0,12.08,3.33,7.0
1198,12170,Damone Thornton,2001,78.75,235,85.75,103.7,33.5,37.5,11.17,3.2,19.0
1199,201154,Al Thornton,2007,77.75,221,85.0,104.0,35.0,41.0,11.96,3.16,9.0
1200,201977,Marcus Thornton,2009,74.75,194.4,77.0,99.0,31.0,33.0,10.73,3.28,14.0
1201,1626194,Marcus Thornton,2015,73.75,177.4,79.75,97.5,34.5,43.0,10.78,3.02,3.0
1202,1628414,Sindarius Thornwell,2017,75.5,211.6,82.0,103.0,27.0,30.5,11.48,3.36,15.0
1203,1629681,Killian Tillie,2019,,,,,,,,,
1204,12016,Tom Timmerrmans,2004,82.5,272,83.0,107.5,23.0,26.5,13.13,3.63,15.0
1205,2224,Jamaal Tinsley,2001,72.75,199,79.5,97.5,28.0,37.5,11.96,3.2,1.0
1206,1626160,J.P. Tokoto,2015,77.25,195.8,82.0,100.5,34.5,40.0,10.97,3.27,12.0
1207,201229,Anthony Tolliver,2007,79.0,242,86.5,107.5,28.5,30.0,11.49,3.29,21.0
1208,12296,Marko Tomas,2004,78.5,198,79.0,103.5,32.0,31.5,11.8,3.23,
1209,12343,Mikhail Torrance,2010,76.0,208.8,79.5,103.0,23.0,32.0,11.43,3.17,8.0
1210,12233,Ali Traore,2007,80.75,249,88.0,108.5,25.0,29.0,12.16,3.52,11.0
1211,1629018,Gary Trent,2018,76.25,204.2,80.75,98.0,33.5,39.5,11.37,3.12,12.0
1212,1629019,Allonzo Trier,2018,75.75,198,78.75,98.0,32.0,40.0,11.02,3.14,11.0
1213,1628453,Melo Trimble,2016,73.25,191.8,74.0,92.5,26.5,35.5,10.57,3.2,
1214,1628453,Melo Trimble,2017,73.25,195.2,74.0,95.5,24.5,32.0,10.75,3.27,6.0
1215,12200,Joah Tucker,2006,75.75,224,78.5,99.5,29.0,34.0,11.58,3.31,19.0
1216,101142,Ronny Turiaf,2005,80.0,237.8,85.5,106.5,30.5,33.0,11.5,3.23,15.0
1217,202323,Evan Turner,2010,77.75,213.8,80.0,103.5,27.5,34.5,11.06,3.27,9.0
1218,1626167,Myles Turner,2015,81.75,238.6,88.0,112.0,,,,,
1219,202719,Jeremy Tyler,2011,81.0,262.4,89.0,110.5,28.0,33.5,11.26,3.29,10.0
1220,201872,Mark Tyndale,2008,74.75,217,83.0,103.5,27.0,33.5,12.52,3.14,5.0
1221,202327,Ekpe Udoh,2010,80.75,237.4,88.5,106.5,31.0,33.5,11.15,3.29,10.0
1222,2757,Beno Udrih,2004,74.5,199,76.5,98.0,,,,,2.0
1223,1627755,Tyler Ulis,2016,68.75,149.2,74.0,88.5,32.5,38.0,10.8,3.2,
1224,1626193,Robert Upshaw,2015,82.75,258.2,89.5,113.0,,,,,
1225,1627784,Jarrod Uthoff,2016,80.5,214.4,83.5,104.0,29.0,34.5,11.52,3.5,
1226,12273,Robert Vaden,2008,75.5,199,80.0,101.0,26.0,29.5,11.97,3.4,10.0
1227,1627756,Denzel Valentine,2016,76.0,210.4,82.75,102.0,27.0,32.0,10.51,3.46,
1228,12346,Jarvis Varnado,2010,80.25,210.2,87.5,109.5,29.5,32.5,11.61,3.37,3.0
1229,202349,Greivis Vasquez,2010,77.0,210.8,79.0,101.0,,,,,
1230,1626173,Rashad Vaughn,2015,75.75,198.6,79.0,101.0,28.0,34.0,11.4,3.21,5.0
1231,101111,Charlie Villanueva,2005,81.0,236.6,84.25,109.0,26.0,31.0,10.86,3.3,11.0
1232,12234,Kyle Visser,2007,82.0,242,83.0,108.0,26.0,29.0,12.6,3.39,18.0
1233,203943,Noah Vonleh,2014,80.0,247.1,88.25,108.0,31.0,37.0,11.45,3.28,
1234,12201,Ian Vouyoukas,2006,80.5,267,84.75,108.5,23.0,28.0,13.7,3.72,8.0
1235,2761,Jackson Vroman,2004,81.25,226,84.0,105.5,29.5,33.5,10.75,3.25,12.0
1236,202696,Nikola Vucevic,2011,82.25,259.8,88.5,112.5,23.5,25.0,12.02,3.27,8.0
1237,2756,Sasha Vujacic,2003,77.5,193,77.5,101.0,,,,,0.0
1238,2548,Dwyane Wade,2003,75.75,212,82.75,102.0,31.5,35.0,10.56,3.08,9.0
1239,2402,Dajuan Wagner,2002,72.75,193,74.0,99.0,28.0,35.0,12.03,3.22,16.0
1240,1629021,Moritz Wagner,2018,82.5,241.4,84.0,108.0,27.0,34.0,11.48,3.18,8.0
1241,1629021,Moritz Wagner,2017,82.0,231.2,84.0,108.0,25.5,32.5,12.0,3.35,
1242,203079,Dion Waiters,2012,74.5,221,79.25,98.0,,,,,
1243,12171,Tory Walker,2001,78.75,187,83.25,104.5,28.0,33.0,11.95,3.25,7.0
1244,202689,Kemba Walker,2011,71.5,184,75.5,91.5,32.0,39.5,10.87,3.16,7.0
1245,1629022,Lonnie Walker,2018,75.75,196.2,82.25,99.5,31.5,40.0,10.87,3.06,12.0
1246,1626217,Chris Walker,2015,80.75,208,86.75,108.0,30.5,37.0,11.25,3.35,6.0
1247,202322,John Wall,2010,74.75,195.6,81.25,101.5,30.0,39.0,10.84,3.14,
1248,12101,Wayne Wallace,2003,79.25,187,86.0,108.0,29.5,36.0,11.85,3.24,6.0
1249,12029,Jaquay Walls,2000,73.25,165.5,74.5,96.5,28.5,35.5,10.75,3.23,0.0
1250,2575,Luke Walton,2003,79.75,235,80.5,104.0,28.0,,,,12.0
1251,1628476,Derrick Walton Jr.,2017,71.0,188.6,74.5,95.0,26.0,32.5,11.28,3.29,9.0
1252,12172,Souleymane Wane,2001,80.5,235,89.0,109.0,29.0,30.5,12.02,3.46,9.0
1253,202378,Willie Warren,2010,74.5,208.4,78.0,99.5,23.0,31.5,11.21,3.5,10.0
1254,203933,T.J. Warren,2014,79.0,220.2,82.25,104.0,27.0,35.5,11.1,3.26,
1255,101124,Hakim Warrick,2005,79.25,215,86.0,108.0,33.0,38.0,,3.22,11.0
1256,200827,Darius Washington,2006,71.5,195,76.0,96.0,29.0,37.5,10.71,3.26,9.0
1257,201622,Deron Washington,2008,77.25,198.5,81.0,102.5,34.0,40.0,11.03,3.09,7.0
1258,1629023,PJ Washington,2018,78.5,223,86.5,107.0,27.0,34.0,11.39,3.2,3.0
1259,1629023,P.J. Washington,2019,78.5,230.4,86.5,106.5,,,,,
1260,1629682,Tremont Waters,2019,69.5,172.4,74.25,93.5,30.5,40.5,10.76,3.07,5.0
1261,12030,Jameel Watkins,2000,81.5,244.5,90.0,110.0,28.0,30.5,12.38,3.45,11.0
1262,201208,Darryl Watkins,2007,80.75,241,87.0,110.0,26.5,31.0,11.65,3.56,14.0
1263,2248,Earl Watson,2001,72.0,184,78.75,97.0,32.5,37.5,10.97,3.19,4.0
1264,201228,CJ Watson,2006,72.5,171,78.0,96.0,31.5,34.0,11.61,3.15,12.0
1265,1629683,Quinndary Weatherspoon,2019,75.0,206.6,81.0,100.0,31.0,38.0,11.57,3.16,
1266,101110,Martell Webster,2005,78.0,229.6,83.0,106.0,28.0,30.5,11.39,3.39,7.0
1267,201603,Sonny Weems,2008,76.0,193,82.0,104.0,29.0,36.5,10.58,2.96,12.0
1268,1627361,Dez Wells,2015,75.0,208.8,81.5,100.5,31.5,39.0,10.56,3.2,15.0
1269,1629118,Thomas Welsh,2017,83.5,254,84.0,109.5,,,,,11.0
1270,2561,David West,2003,80.25,226,88.25,108.25,28.5,31.5,12.18,3.43,11.0
1271,2753,Delonte West,2004,73.5,183,78.0,99.5,30.0,35.0,11.2,3.15,12.0
1272,201566,Russell Westbrook,2008,74.25,192,79.75,100.0,30.0,36.5,10.98,3.08,12.0
1273,101156,Robert Whaley,2005,80.0,269.4,86.0,108.0,28.5,33.5,12.11,3.25,15.0
1274,2206,Rodney White,2001,79.5,243,83.5,104.5,27.5,33.0,12.07,3.47,16.0
1275,202358,Terrico White,2010,75.75,202.6,81.0,101.0,31.0,40.0,11.38,3.15,10.0
1276,203091,Royce White,2012,79.0,260.6,84.0,104.5,,,,,
1277,1628401,Derrick White,2017,75.25,189.8,79.5,101.5,31.0,36.5,10.84,3.08,10.0
1278,1629632,Coby White,2019,75.5,191.4,77.0,97.5,,,,,
1279,1627785,Isaiah Whitehead,2016,75.25,210,80.75,100.0,27.5,35.5,11.65,3.34,
1280,202355,Hassan Whiteside,2010,82.5,226.6,91.0,113.0,27.0,31.5,11.83,3.54,12.0
1281,2404,Chris Wilcox,2002,80.25,218,85.0,107.5,31.0,34.5,11.43,3.16,20.0
1282,203912,C.J. Wilcox,2014,75.5,201,81.75,100.5,31.0,37.5,11.3,3.22,
1283,1629024,Austin Wiley,2018,80.25,249.4,89.0,111.0,28.0,33.5,12.79,3.3,14.0
1284,1629025,Kris Wilkes,2018,78.5,205,82.25,103.5,28.0,35.5,11.29,3.24,1.0
1285,1629025,Kris Wilkes,2019,78.25,208.8,82.75,103.0,27.5,35.0,10.39,3.34,4.0
1286,2863,Damien Wilkins,2004,76.5,222,84.0,106.0,26.5,31.0,11.92,3.15,15.0
1287,2398,Jay Williams,2002,72.25,197,75.5,97.0,28.5,36.0,10.34,3.09,10.0
1288,2421,Frank Williams,2002,73.5,212,80.0,100.5,26.0,31.0,11.73,3.29,
1289,2465,George Williams,2002,77.75,214,84.5,103.0,33.5,39.0,11.21,3.24,11.0
1290,2590,Mo Williams,2003,72.75,189,77.5,98.5,,,,,3.0
1291,12292,Mike Williams,2004,77.5,197,83.5,105.5,23.5,27.5,11.59,3.42,
1292,12293,Nate Williams,2004,80.5,240,85.5,109.5,23.5,26.0,12.6,3.35,1.0
1293,101107,Marvin Williams,2005,79.0,228.2,87.5,108.0,29.5,35.0,11.11,3.17,12.0
1294,101114,Deron Williams,2005,73.75,202.4,78.25,98.0,30.0,35.0,10.83,3.25,15.0
1295,101214,Jawad Williams,2005,79.0,218,85.25,106.5,28.0,34.0,11.39,3.23,15.0
1296,12203,Eric Williams,2006,79.25,285,88.25,106.5,28.5,29.0,11.71,3.56,17.0
1297,200749,Shelden Williams,2006,79.5,258,88.25,104.0,29.0,33.5,11.53,3.59,25.0
1298,200761,Shawne Williams,2006,79.25,227,87.0,104.0,32.0,31.0,10.69,3.3,
1299,200766,Marcus Williams,2006,74.0,215,79.0,97.5,24.5,28.0,11.3,3.4,4.0
1300,200818,Justin Williams,2006,79.25,211,85.5,109.0,26.5,31.5,11.9,3.31,7.0
1301,199,Reggie Williams,2008,75.25,199,81.25,103.0,31.5,36.5,11.32,3.07,15.0
1302,201944,Terrence Williams,2009,77.0,213.2,81.0,103.5,30.5,37.0,11.15,3.18,9.0
1303,202682,Derrick Williams,2011,79.25,248.4,85.5,108.0,29.0,34.5,11.03,3.23,19.0
1304,202716,Jordan Williams,2011,79.75,247.2,84.25,106.5,25.0,30.5,12.74,3.45,10.0
1305,1629026,Kenrich Williams,2018,78.0,200.4,79.25,103.5,28.0,33.0,10.86,3.19,14.0
1306,203899,Kendall Williams,2014,74.25,183,77.5,99.0,27.0,33.0,10.83,,
1307,1626210,Alan Williams,2015,79.25,261.4,85.75,106.5,25.5,28.5,12.26,3.5,8.0
1308,1627786,Troy Williams,2016,77.75,217.8,80.25,102.0,30.0,36.0,10.72,3.35,
1309,1629684,Grant Williams,2019,77.75,240.2,81.75,104.5,26.0,31.5,10.83,3.33,20.0
1310,1628430,Nigel Williams-Goss,2017,73.5,190.2,79.25,99.0,27.5,34.5,10.42,3.19,10.0
1311,1629627,Zion Williamson,2019,,,,,,,,,
1312,12102,Wesley Wilson,2003,82.25,257,87.0,110.5,27.0,30.5,12.19,3.3,20.0
1313,1628391,D.J. Wilson,2017,80.75,234.4,87.0,109.5,,,,,
1314,1627787,Kyle Wiltjer,2016,80.75,242.8,84.25,102.5,28.5,35.5,11.35,3.48,
1315,1629685,Dylan Windler,2019,78.25,195.8,82.0,104.5,29.0,37.5,10.7,3.3,8.0
1316,12235,Major Wingate,2007,80.5,242,88.0,109.0,27.5,30.5,12.14,3.47,15.0
1317,1626159,Justise Winslow,2015,76.5,221.8,82.25,104.5,,,,,
1318,202124,Curtis Withers,2006,78.0,227,82.0,101.0,35.0,36.5,11.54,3.1,14.0
1319,203481,Jeff Withey,2013,82.75,221.8,86.0,110.5,26.5,29.0,12.49,3.47,10.0
1320,203489,Nate Wolters,2013,75.5,196.4,75.75,98.0,,,,,8.0
1321,12236,DaShaun Wood,2007,70.75,167,72.75,92.0,31.5,34.5,11.4,3.23,13.0
1322,1626174,Christian Wood,2015,81.25,216,87.25,111.5,,,,,
1323,2254,Loren Woods,2001,84.75,246,89.5,113.0,24.5,28.0,11.83,3.48,10.0
1324,2417,Qyntel Woods,2002,79.0,213,82.0,105.0,33.5,34.5,11.94,3.23,2.0
1325,12103,Doug Wrenn,2003,77.75,220,91.5,100.5,34.5,41.0,11.38,3.17,15.0
1326,12040,Brent Wright,2001,79.75,236,85.5,105.5,23.0,29.0,12.25,3.3,19.0
1327,12041,Michael Wright,2001,79.0,247,83.5,106.5,27.5,33.5,11.37,3.21,18.0
1328,12294,Rashad Wright,2004,72.5,190,82.0,98.5,28.5,32.5,11.15,3.28,10.0
1329,101120,Antoine Wright,2005,77.25,202.6,80.75,104.5,26.5,29.5,11.45,3.41,12.0
1330,101152,Bracey Wright,2005,73.25,186.8,82.0,100.5,30.0,36.0,11.58,3.27,8.0
1331,201148,Brandan Wright,2007,80.75,200,87.75,108.5,30.5,35.5,11.76,3.31,2.0
1332,201153,Julian Wright,2007,78.5,211,86.25,108.0,28.5,33.5,11.48,3.36,2.0
1333,1626153,Delon Wright,2015,76.25,181.4,79.5,101.5,29.5,31.0,11.16,3.29,4.0
1334,203100,Tony Wroten,2012,76.75,203.2,81.0,101.0,30.0,35.5,10.75,3.24,0.0
1335,12237,Avis Wyatt,2007,80.75,212,85.0,107.0,27.5,32.0,11.46,3.23,12.0
1336,2428,Vincent Yarbrough,2002,77.5,202,84.5,104.5,30.0,34.0,11.7,3.32,10.0
1337,201146,Jianlian Yi,2007,,,,,,,,,
1338,201152,Thaddeus Young,2007,77.75,210,83.5,106.0,34.5,37.0,11.06,3.19,13.0
1339,201156,Nick Young,2007,77.0,206,84.0,100.5,39.5,40.5,11.0,3.25,6.0
1340,201970,Sam Young,2009,77.25,222.8,82.75,105.5,27.5,33.0,11.47,3.45,
1341,203523,BJ Young,2013,74.25,178.8,80.25,99.0,,,,,
1342,1629027,Trae Young,2018,72.5,177.8,75.0,95.5,,,,,
1343,203923,James Young,2014,77.25,213.3,84.0,104.0,28.0,35.5,,,
1344,203942,Patric Young,2014,80.5,246.8,85.75,103.5,32.0,37.5,11.18,3.43,
1345,1962937123,Omer Yurtseven,2017,82.5,248.4,85.0,108.5,26.0,31.5,12.85,3.45,6.0
1346,203092,Tyler Zeller,2012,83.25,247.4,84.0,104.5,30.0,34.0,11.13,3.4,16.0
1347,203469,Cody Zeller,2013,82.75,230,82.75,106.0,35.5,37.5,10.82,3.15,17.0
1348,2583,Derrick Zimmerman,2003,73.0,190,81.0,96.25,34.0,40.5,11.09,3.1,13.0
1349,1627757,Stephen Zimmerman,2016,82.25,234,87.25,108.5,26.0,31.0,12.08,3.43,
