,GAME_ID,TEAM_ID,TEAM_ABBREVIATION,TEAM_CITY,PLAYER_ID,PLAYER_NAME,START_POSITION,COMMENT,MIN,FGM,FGA,FG_PCT,FG3M,FG3A,FG3_PCT,FTM,FTA,FT_PCT,OREB,DREB,REB,AST,STL,BLK,TO,PF,PTS,PLUS_MINUS
13,0021900816,1610612762,UTA,Utah,202711,Bojan Bogdanovic,F,,35:00,9.0,17.0,0.529,3.0,6.0,0.5,1.0,1.0,1.0,0.0,7.0,7.0,4.0,0.0,0.0,3.0,3.0,22.0,18.0
14,0021900816,1610612762,UTA,Utah,1626220,Royce O'Neale,F,,38:54,2.0,7.0,0.286,2.0,6.0,0.333,1.0,2.0,0.5,2.0,3.0,5.0,2.0,1.0,0.0,2.0,3.0,7.0,11.0
15,0021900816,1610612762,UTA,Utah,203497,Rudy Gobert,C,,36:35,7.0,12.0,0.583,0.0,0.0,0.0,2.0,2.0,1.0,5.0,15.0,20.0,1.0,0.0,2.0,2.0,3.0,16.0,25.0
16,0021900816,1610612762,UTA,Utah,204060,Joe Ingles,G,,31:44,1.0,9.0,0.111,0.0,5.0,0.0,2.0,2.0,1.0,0.0,2.0,2.0,9.0,1.0,0.0,1.0,2.0,4.0,16.0
17,0021900816,1610612762,UTA,Utah,1628378,Donovan Mitchell,G,,35:26,9.0,16.0,0.563,4.0,8.0,0.5,4.0,4.0,1.0,0.0,5.0,5.0,4.0,2.0,0.0,3.0,0.0,26.0,17.0
18,0021900816,1610612762,UTA,Utah,203903,Jordan Clarkson,,,25:22,8.0,12.0,0.667,4.0,6.0,0.667,1.0,1.0,1.0,1.0,3.0,4.0,3.0,1.0,0.0,2.0,3.0,21.0,3.0
19,0021900816,1610612762,UTA,Utah,1627777,Georges Niang,,,13:00,2.0,5.0,0.4,1.0,4.0,0.25,2.0,2.0,1.0,0.0,2.0,2.0,0.0,0.0,0.0,1.0,1.0,7.0,-3.0
20,0021900816,1610612762,UTA,Utah,1628396,Tony Bradley,,,11:25,3.0,3.0,1.0,0.0,0.0,0.0,2.0,3.0,0.667,2.0,4.0,6.0,0.0,0.0,1.0,0.0,1.0,8.0,-10.0
21,0021900816,1610612762,UTA,Utah,1626144,Emmanuel Mudiay,,,12:34,0.0,4.0,0.0,0.0,1.0,0.0,5.0,6.0,0.833,0.0,2.0,2.0,0.0,1.0,0.0,0.0,0.0,5.0,-2.0
22,0021900816,1610612762,UTA,Utah,1629752,Juwan Morgan,,DNP - Coach's Decision                  ,,,,,,,,,,,,,,,,,,,,
23,0021900816,1610612762,UTA,Utah,1629671,Miye Oni,,DNP - Coach's Decision                  ,,,,,,,,,,,,,,,,,,,,
24,0021900816,1610612762,UTA,Utah,1629730,Rayjon Tucker,,DNP - Coach's Decision                  ,,,,,,,,,,,,,,,,,,,,
0,0021900798,1610612762,UTA,Utah,1626220,Royce O'Neale,F,,32:18,1.0,1.0,1.0,1.0,1.0,1.0,0.0,0.0,0.0,1.0,3.0,4.0,1.0,1.0,0.0,1.0,3.0,3.0,3.0
1,0021900798,1610612762,UTA,Utah,202711,Bojan Bogdanovic,F,,33:23,7.0,16.0,0.438,3.0,8.0,0.375,6.0,7.0,0.857,0.0,3.0,3.0,2.0,0.0,0.0,1.0,3.0,23.0,-3.0
2,0021900798,1610612762,UTA,Utah,203497,Rudy Gobert,C,,35:55,7.0,7.0,1.0,0.0,0.0,0.0,3.0,5.0,0.6,2.0,13.0,15.0,1.0,0.0,1.0,2.0,5.0,17.0,-6.0
3,0021900798,1610612762,UTA,Utah,204060,Joe Ingles,G,,31:58,2.0,8.0,0.25,1.0,7.0,0.143,2.0,2.0,1.0,0.0,3.0,3.0,8.0,3.0,0.0,2.0,0.0,7.0,-10.0
4,0021900798,1610612762,UTA,Utah,1628378,Donovan Mitchell,G,,34:52,8.0,12.0,0.667,3.0,6.0,0.5,4.0,5.0,0.8,0.0,4.0,4.0,2.0,0.0,0.0,9.0,5.0,23.0,-11.0
5,0021900798,1610612762,UTA,Utah,203903,Jordan Clarkson,,,30:55,10.0,17.0,0.588,4.0,8.0,0.5,1.0,1.0,1.0,0.0,5.0,5.0,8.0,0.0,1.0,2.0,6.0,25.0,17.0
6,0021900798,1610612762,UTA,Utah,1628396,Tony Bradley,,,12:05,3.0,3.0,1.0,0.0,0.0,0.0,0.0,0.0,0.0,6.0,1.0,7.0,1.0,0.0,0.0,2.0,5.0,6.0,10.0
7,0021900798,1610612762,UTA,Utah,1626144,Emmanuel Mudiay,,,14:46,5.0,8.0,0.625,2.0,2.0,1.0,0.0,1.0,0.0,1.0,2.0,3.0,2.0,1.0,0.0,1.0,1.0,12.0,12.0
8,0021900798,1610612762,UTA,Utah,1627777,Georges Niang,,,13:48,3.0,6.0,0.5,1.0,3.0,0.333,0.0,0.0,0.0,0.0,1.0,1.0,2.0,0.0,0.0,1.0,1.0,7.0,8.0
9,0021900798,1610612762,UTA,Utah,1629752,Juwan Morgan,,DNP - Coach's Decision                  ,,,,,,,,,,,,,,,,,,,,
10,0021900798,1610612762,UTA,Utah,1629671,Miye Oni,,DNP - Coach's Decision                  ,,,,,,,,,,,,,,,,,,,,
11,0021900798,1610612762,UTA,Utah,1629730,Rayjon Tucker,,DNP - Coach's Decision                  ,,,,,,,,,,,,,,,,,,,,
0,0021900790,1610612762,UTA,Utah,204060,Joe Ingles,F,,32:36,1.0,2.0,0.5,1.0,2.0,0.5,0.0,0.0,0.0,0.0,5.0,5.0,7.0,1.0,0.0,4.0,3.0,3.0,2.0
1,0021900790,1610612762,UTA,Utah,202711,Bojan Bogdanovic,F,,32:17,2.0,7.0,0.286,2.0,5.0,0.4,2.0,2.0,1.0,1.0,1.0,2.0,4.0,0.0,0.0,1.0,1.0,8.0,-8.0
2,0021900790,1610612762,UTA,Utah,203497,Rudy Gobert,C,,36:56,3.0,6.0,0.5,0.0,0.0,0.0,6.0,8.0,0.75,4.0,11.0,15.0,0.0,1.0,1.0,1.0,0.0,12.0,-6.0
3,0021900790,1610612762,UTA,Utah,1628378,Donovan Mitchell,G,,36:33,9.0,23.0,0.391,4.0,11.0,0.364,2.0,2.0,1.0,0.0,5.0,5.0,6.0,0.0,0.0,3.0,2.0,24.0,-6.0
4,0021900790,1610612762,UTA,Utah,201144,Mike Conley,G,,33:37,8.0,16.0,0.5,2.0,5.0,0.4,2.0,3.0,0.667,0.0,5.0,5.0,6.0,0.0,0.0,2.0,4.0,20.0,9.0
5,0021900790,1610612762,UTA,Utah,1626220,Royce O'Neale,,,19:09,1.0,4.0,0.25,1.0,4.0,0.25,0.0,0.0,0.0,0.0,3.0,3.0,0.0,0.0,3.0,2.0,1.0,3.0,2.0
6,0021900790,1610612762,UTA,Utah,203903,Jordan Clarkson,,,29:00,12.0,19.0,0.632,3.0,7.0,0.429,3.0,3.0,1.0,2.0,4.0,6.0,2.0,0.0,0.0,0.0,0.0,30.0,5.0
7,0021900790,1610612762,UTA,Utah,1628396,Tony Bradley,,,3:53,1.0,1.0,1.0,0.0,0.0,0.0,0.0,0.0,0.0,2.0,1.0,3.0,0.0,0.0,0.0,0.0,1.0,2.0,-4.0
8,0021900790,1610612762,UTA,Utah,1627777,Georges Niang,,,8:48,3.0,5.0,0.6,2.0,4.0,0.5,0.0,0.0,0.0,0.0,1.0,1.0,0.0,0.0,0.0,1.0,1.0,8.0,0.0
9,0021900790,1610612762,UTA,Utah,1629752,Juwan Morgan,,,7:11,2.0,3.0,0.667,0.0,0.0,0.0,0.0,0.0,0.0,1.0,2.0,3.0,0.0,0.0,0.0,1.0,1.0,4.0,11.0
10,0021900790,1610612762,UTA,Utah,1626144,Emmanuel Mudiay,,DNP - Coach's Decision                  ,,,,,,,,,,,,,,,,,,,,
11,0021900790,1610612762,UTA,Utah,1629671,Miye Oni,,DNP - Coach's Decision                  ,,,,,,,,,,,,,,,,,,,,
12,0021900790,1610612762,UTA,Utah,1629730,Rayjon Tucker,,DNP - Coach's Decision                  ,,,,,,,,,,,,,,,,,,,,
12,0021900776,1610612762,UTA,Utah,204060,Joe Ingles,F,,33:04,5.0,10.0,0.5,3.0,5.0,0.6,1.0,1.0,1.0,1.0,5.0,6.0,3.0,0.0,1.0,3.0,3.0,14.0,-3.0
13,0021900776,1610612762,UTA,Utah,202711,Bojan Bogdanovic,F,,34:00,10.0,16.0,0.625,2.0,6.0,0.333,5.0,7.0,0.714,0.0,4.0,4.0,1.0,2.0,0.0,1.0,2.0,27.0,-8.0
14,0021900776,1610612762,UTA,Utah,203497,Rudy Gobert,C,,35:04,7.0,9.0,0.778,0.0,0.0,0.0,2.0,6.0,0.333,5.0,9.0,14.0,2.0,0.0,1.0,3.0,3.0,16.0,-5.0
15,0021900776,1610612762,UTA,Utah,1628378,Donovan Mitchell,G,,35:04,6.0,16.0,0.375,1.0,5.0,0.2,3.0,4.0,0.75,0.0,6.0,6.0,7.0,2.0,0.0,4.0,1.0,16.0,-5.0
16,0021900776,1610612762,UTA,Utah,201144,Mike Conley,G,,31:25,6.0,13.0,0.462,2.0,6.0,0.333,4.0,4.0,1.0,1.0,2.0,3.0,4.0,2.0,0.0,1.0,1.0,18.0,-3.0
17,0021900776,1610612762,UTA,Utah,1626220,Royce O'Neale,,,29:36,1.0,3.0,0.333,1.0,2.0,0.5,0.0,0.0,0.0,1.0,9.0,10.0,2.0,0.0,0.0,2.0,2.0,3.0,5.0
18,0021900776,1610612762,UTA,Utah,203903,Jordan Clarkson,,,20:28,6.0,13.0,0.462,1.0,4.0,0.25,0.0,0.0,0.0,0.0,2.0,2.0,1.0,0.0,0.0,1.0,3.0,13.0,17.0
19,0021900776,1610612762,UTA,Utah,1627777,Georges Niang,,,8:23,0.0,2.0,0.0,0.0,2.0,0.0,2.0,2.0,1.0,0.0,3.0,3.0,0.0,0.0,0.0,0.0,1.0,2.0,9.0
20,0021900776,1610612762,UTA,Utah,1628396,Tony Bradley,,,11:03,3.0,6.0,0.5,0.0,0.0,0.0,0.0,0.0,0.0,3.0,2.0,5.0,1.0,0.0,0.0,0.0,1.0,6.0,8.0
21,0021900776,1610612762,UTA,Utah,1629752,Juwan Morgan,,,1:53,1.0,3.0,0.333,0.0,0.0,0.0,0.0,0.0,0.0,2.0,1.0,3.0,0.0,0.0,0.0,0.0,2.0,2.0,0.0
22,0021900776,1610612762,UTA,Utah,1629714,Jarrell Brantley,,DNP - Coach's Decision                  ,,,,,,,,,,,,,,,,,,,,
23,0021900776,1610612762,UTA,Utah,1626144,Emmanuel Mudiay,,DNP - Coach's Decision                  ,,,,,,,,,,,,,,,,,,,,
24,0021900776,1610612762,UTA,Utah,1629730,Rayjon Tucker,,DNP - Coach's Decision                  ,,,,,,,,,,,,,,,,,,,,
12,0021900762,1610612762,UTA,Utah,204060,Joe Ingles,F,,30:23,1.0,4.0,0.25,0.0,2.0,0.0,0.0,0.0,0.0,0.0,3.0,3.0,6.0,0.0,0.0,3.0,2.0,2.0,2.0
13,0021900762,1610612762,UTA,Utah,202711,Bojan Bogdanovic,F,,34:08,6.0,18.0,0.333,3.0,10.0,0.3,1.0,1.0,1.0,1.0,4.0,5.0,5.0,1.0,0.0,1.0,0.0,16.0,3.0
14,0021900762,1610612762,UTA,Utah,203497,Rudy Gobert,C,,38:52,7.0,10.0,0.7,0.0,0.0,0.0,2.0,4.0,0.5,4.0,10.0,14.0,0.0,0.0,1.0,1.0,2.0,16.0,-2.0
15,0021900762,1610612762,UTA,Utah,1628378,Donovan Mitchell,G,,36:09,8.0,24.0,0.333,2.0,9.0,0.222,0.0,1.0,0.0,1.0,7.0,8.0,1.0,0.0,0.0,4.0,5.0,18.0,-6.0
16,0021900762,1610612762,UTA,Utah,201144,Mike Conley,G,,34:14,6.0,13.0,0.462,5.0,9.0,0.556,4.0,6.0,0.667,1.0,7.0,8.0,5.0,1.0,0.0,2.0,4.0,21.0,1.0
17,0021900762,1610612762,UTA,Utah,1626220,Royce O'Neale,,,20:16,1.0,4.0,0.25,1.0,3.0,0.333,0.0,0.0,0.0,0.0,3.0,3.0,2.0,1.0,0.0,0.0,2.0,3.0,1.0
18,0021900762,1610612762,UTA,Utah,203903,Jordan Clarkson,,,22:58,6.0,7.0,0.857,2.0,3.0,0.667,2.0,2.0,1.0,0.0,1.0,1.0,1.0,1.0,0.0,1.0,0.0,16.0,-7.0
19,0021900762,1610612762,UTA,Utah,1627777,Georges Niang,,,13:52,1.0,5.0,0.2,1.0,3.0,0.333,0.0,0.0,0.0,0.0,1.0,1.0,0.0,1.0,0.0,1.0,1.0,3.0,-6.0
20,0021900762,1610612762,UTA,Utah,1628396,Tony Bradley,,,9:08,0.0,1.0,0.0,0.0,0.0,0.0,0.0,0.0,0.0,0.0,3.0,3.0,0.0,0.0,0.0,1.0,0.0,0.0,-1.0
21,0021900762,1610612762,UTA,Utah,202334,Ed Davis,,DNP - Coach's Decision                  ,,,,,,,,,,,,,,,,,,,,
22,0021900762,1610612762,UTA,Utah,1629752,Juwan Morgan,,DNP - Coach's Decision                  ,,,,,,,,,,,,,,,,,,,,
23,0021900762,1610612762,UTA,Utah,1626144,Emmanuel Mudiay,,DNP - Coach's Decision                  ,,,,,,,,,,,,,,,,,,,,
24,0021900762,1610612762,UTA,Utah,1629730,Rayjon Tucker,,DNP - Coach's Decision                  ,,,,,,,,,,,,,,,,,,,,
0,0021900735,1610612762,UTA,Utah,204060,Joe Ingles,F,,28:02,1.0,2.0,0.5,1.0,2.0,0.5,0.0,0.0,0.0,0.0,1.0,1.0,5.0,1.0,0.0,1.0,2.0,3.0,-6.0
1,0021900735,1610612762,UTA,Utah,202711,Bojan Bogdanovic,F,,28:57,6.0,11.0,0.545,5.0,9.0,0.556,5.0,5.0,1.0,1.0,1.0,2.0,1.0,1.0,0.0,1.0,3.0,22.0,-10.0
2,0021900735,1610612762,UTA,Utah,203497,Rudy Gobert,C,,32:04,1.0,4.0,0.25,0.0,0.0,0.0,4.0,4.0,1.0,4.0,7.0,11.0,2.0,1.0,3.0,1.0,4.0,6.0,-14.0
3,0021900735,1610612762,UTA,Utah,201144,Mike Conley,G,,30:01,9.0,20.0,0.45,4.0,6.0,0.667,0.0,0.0,0.0,1.0,3.0,4.0,4.0,0.0,0.0,1.0,0.0,22.0,-4.0
4,0021900735,1610612762,UTA,Utah,1628378,Donovan Mitchell,G,,32:24,11.0,21.0,0.524,3.0,6.0,0.5,0.0,0.0,0.0,0.0,2.0,2.0,4.0,1.0,0.0,2.0,2.0,25.0,-9.0
5,0021900735,1610612762,UTA,Utah,1626220,Royce O'Neale,,,23:28,1.0,6.0,0.167,1.0,4.0,0.25,0.0,0.0,0.0,0.0,6.0,6.0,1.0,2.0,1.0,1.0,2.0,3.0,-27.0
6,0021900735,1610612762,UTA,Utah,203903,Jordan Clarkson,,,22:41,4.0,14.0,0.286,4.0,8.0,0.5,0.0,0.0,0.0,0.0,1.0,1.0,0.0,0.0,0.0,1.0,1.0,12.0,-20.0
7,0021900735,1610612762,UTA,Utah,202334,Ed Davis,,,13:17,2.0,2.0,1.0,0.0,0.0,0.0,0.0,0.0,0.0,3.0,1.0,4.0,0.0,0.0,0.0,0.0,0.0,4.0,-7.0
8,0021900735,1610612762,UTA,Utah,1627777,Georges Niang,,,18:30,3.0,10.0,0.3,0.0,5.0,0.0,0.0,0.0,0.0,1.0,2.0,3.0,1.0,0.0,0.0,0.0,2.0,6.0,-4.0
9,0021900735,1610612762,UTA,Utah,1629752,Juwan Morgan,,,2:39,1.0,1.0,1.0,0.0,0.0,0.0,0.0,0.0,0.0,1.0,0.0,1.0,0.0,0.0,0.0,0.0,0.0,2.0,4.0
10,0021900735,1610612762,UTA,Utah,1629730,Rayjon Tucker,,,2:39,1.0,1.0,1.0,0.0,0.0,0.0,0.0,0.0,0.0,0.0,1.0,1.0,0.0,0.0,0.0,0.0,1.0,2.0,4.0
11,0021900735,1610612762,UTA,Utah,1629714,Jarrell Brantley,,,2:39,0.0,0.0,0.0,0.0,0.0,0.0,0.0,0.0,0.0,0.0,1.0,1.0,0.0,0.0,0.0,0.0,0.0,0.0,4.0
12,0021900735,1610612762,UTA,Utah,1626144,Emmanuel Mudiay,,,2:39,0.0,2.0,0.0,0.0,1.0,0.0,0.0,0.0,0.0,0.0,0.0,0.0,1.0,0.0,0.0,1.0,0.0,0.0,4.0
0,0021900718,1610612762,UTA,Utah,202711,Bojan Bogdanovic,F,,35:17,6.0,14.0,0.429,6.0,10.0,0.6,0.0,2.0,0.0,0.0,6.0,6.0,1.0,0.0,0.0,3.0,1.0,18.0,0.0
1,0021900718,1610612762,UTA,Utah,1626220,Royce O'Neale,F,,26:05,1.0,3.0,0.333,0.0,1.0,0.0,0.0,0.0,0.0,0.0,2.0,2.0,1.0,0.0,2.0,1.0,2.0,2.0,-4.0
2,0021900718,1610612762,UTA,Utah,203497,Rudy Gobert,C,,37:18,9.0,10.0,0.9,0.0,0.0,0.0,3.0,6.0,0.5,2.0,9.0,11.0,1.0,1.0,3.0,4.0,4.0,21.0,3.0
3,0021900718,1610612762,UTA,Utah,204060,Joe Ingles,G,,33:57,3.0,8.0,0.375,2.0,5.0,0.4,0.0,0.0,0.0,0.0,4.0,4.0,8.0,1.0,0.0,0.0,3.0,8.0,1.0
4,0021900718,1610612762,UTA,Utah,1628378,Donovan Mitchell,G,,34:48,1.0,12.0,0.083,0.0,6.0,0.0,2.0,2.0,1.0,1.0,4.0,5.0,8.0,0.0,0.0,4.0,2.0,4.0,-9.0
5,0021900718,1610612762,UTA,Utah,203903,Jordan Clarkson,,,30:43,13.0,22.0,0.591,7.0,12.0,0.583,4.0,5.0,0.8,0.0,2.0,2.0,2.0,1.0,0.0,3.0,1.0,37.0,-2.0
6,0021900718,1610612762,UTA,Utah,1626144,Emmanuel Mudiay,,,16:14,0.0,4.0,0.0,0.0,0.0,0.0,0.0,0.0,0.0,1.0,2.0,3.0,2.0,0.0,1.0,1.0,0.0,0.0,-2.0
7,0021900718,1610612762,UTA,Utah,1627777,Georges Niang,,,14:56,3.0,5.0,0.6,2.0,3.0,0.667,2.0,2.0,1.0,0.0,0.0,0.0,1.0,0.0,0.0,0.0,1.0,10.0,-8.0
8,0021900718,1610612762,UTA,Utah,202334,Ed Davis,,,10:42,0.0,0.0,0.0,0.0,0.0,0.0,0.0,0.0,0.0,1.0,1.0,2.0,0.0,1.0,0.0,0.0,3.0,0.0,-9.0
9,0021900718,1610612762,UTA,Utah,1629714,Jarrell Brantley,,DNP - Coach's Decision                  ,,,,,,,,,,,,,,,,,,,,
10,0021900718,1610612762,UTA,Utah,1629730,Rayjon Tucker,,DNP - Coach's Decision                  ,,,,,,,,,,,,,,,,,,,,
11,0021900718,1610612762,UTA,Utah,1628430,Nigel Williams-Goss,,DNP - Coach's Decision                  ,,,,,,,,,,,,,,,,,,,,
0,0021900711,1610612762,UTA,Utah,202711,Bojan Bogdanovic,F,,33:50,6.0,16.0,0.375,4.0,9.0,0.444,1.0,1.0,1.0,1.0,8.0,9.0,4.0,0.0,0.0,3.0,0.0,17.0,0.0
1,0021900711,1610612762,UTA,Utah,1626220,Royce O'Neale,F,,29:32,2.0,4.0,0.5,2.0,4.0,0.5,2.0,2.0,1.0,1.0,6.0,7.0,4.0,0.0,0.0,0.0,4.0,8.0,8.0
2,0021900711,1610612762,UTA,Utah,203497,Rudy Gobert,C,,32:20,4.0,7.0,0.571,0.0,0.0,0.0,9.0,18.0,0.5,8.0,11.0,19.0,0.0,0.0,0.0,4.0,4.0,17.0,6.0
3,0021900711,1610612762,UTA,Utah,204060,Joe Ingles,G,,29:54,3.0,8.0,0.375,1.0,4.0,0.25,0.0,0.0,0.0,1.0,1.0,2.0,4.0,0.0,0.0,0.0,2.0,7.0,-9.0
4,0021900711,1610612762,UTA,Utah,1628378,Donovan Mitchell,G,,33:34,9.0,20.0,0.45,3.0,6.0,0.5,10.0,10.0,1.0,0.0,1.0,1.0,4.0,1.0,0.0,3.0,3.0,31.0,-3.0
5,0021900711,1610612762,UTA,Utah,201144,Mike Conley,,,20:51,3.0,8.0,0.375,1.0,5.0,0.2,5.0,7.0,0.714,0.0,0.0,0.0,1.0,0.0,0.0,1.0,3.0,12.0,-5.0
6,0021900711,1610612762,UTA,Utah,1627777,Georges Niang,,,15:38,1.0,4.0,0.25,0.0,3.0,0.0,2.0,2.0,1.0,1.0,1.0,2.0,1.0,1.0,0.0,1.0,1.0,4.0,-13.0
7,0021900711,1610612762,UTA,Utah,203903,Jordan Clarkson,,,28:54,7.0,14.0,0.5,3.0,7.0,0.429,3.0,6.0,0.5,0.0,2.0,2.0,0.0,2.0,0.0,1.0,4.0,20.0,-6.0
8,0021900711,1610612762,UTA,Utah,1628396,Tony Bradley,,,10:27,2.0,3.0,0.667,0.0,0.0,0.0,0.0,0.0,0.0,0.0,0.0,0.0,0.0,0.0,0.0,0.0,0.0,4.0,-16.0
9,0021900711,1610612762,UTA,Utah,202334,Ed Davis,,,5:00,0.0,0.0,0.0,0.0,0.0,0.0,0.0,0.0,0.0,0.0,1.0,1.0,0.0,0.0,0.0,0.0,1.0,0.0,3.0
10,0021900711,1610612762,UTA,Utah,1629714,Jarrell Brantley,,DNP - Coach's Decision                  ,,,,,,,,,,,,,,,,,,,,
11,0021900711,1610612762,UTA,Utah,1626144,Emmanuel Mudiay,,DNP - Coach's Decision                  ,,,,,,,,,,,,,,,,,,,,
12,0021900711,1610612762,UTA,Utah,1629730,Rayjon Tucker,,DNP - Coach's Decision                  ,,,,,,,,,,,,,,,,,,,,
11,0021900698,1610612762,UTA,Utah,202711,Bojan Bogdanovic,F,,34:48,10.0,18.0,0.556,7.0,13.0,0.538,3.0,3.0,1.0,0.0,1.0,1.0,2.0,0.0,0.0,3.0,3.0,30.0,-17.0
12,0021900698,1610612762,UTA,Utah,1626220,Royce O'Neale,F,,26:25,1.0,6.0,0.167,0.0,3.0,0.0,1.0,1.0,1.0,1.0,5.0,6.0,5.0,0.0,0.0,1.0,5.0,3.0,-15.0
13,0021900698,1610612762,UTA,Utah,203497,Rudy Gobert,C,,37:09,3.0,5.0,0.6,0.0,0.0,0.0,6.0,10.0,0.6,1.0,13.0,14.0,0.0,1.0,2.0,1.0,2.0,12.0,-15.0
14,0021900698,1610612762,UTA,Utah,204060,Joe Ingles,G,,33:08,2.0,8.0,0.25,1.0,7.0,0.143,2.0,2.0,1.0,0.0,2.0,2.0,6.0,0.0,0.0,3.0,6.0,7.0,7.0
15,0021900698,1610612762,UTA,Utah,1628378,Donovan Mitchell,G,,36:21,14.0,25.0,0.56,3.0,10.0,0.3,5.0,6.0,0.833,0.0,3.0,3.0,4.0,3.0,0.0,3.0,5.0,36.0,2.0
16,0021900698,1610612762,UTA,Utah,201144,Mike Conley,,,24:55,4.0,9.0,0.444,0.0,4.0,0.0,2.0,4.0,0.5,0.0,3.0,3.0,4.0,0.0,0.0,5.0,5.0,10.0,-12.0
17,0021900698,1610612762,UTA,Utah,1627777,Georges Niang,,,14:59,2.0,3.0,0.667,1.0,2.0,0.5,0.0,0.0,0.0,0.0,4.0,4.0,3.0,2.0,0.0,0.0,1.0,5.0,6.0
18,0021900698,1610612762,UTA,Utah,203903,Jordan Clarkson,,,21:24,4.0,8.0,0.5,0.0,3.0,0.0,0.0,0.0,0.0,0.0,1.0,1.0,0.0,0.0,1.0,1.0,1.0,8.0,-7.0
19,0021900698,1610612762,UTA,Utah,1628396,Tony Bradley,,,10:51,3.0,3.0,1.0,0.0,0.0,0.0,0.0,0.0,0.0,0.0,4.0,4.0,0.0,1.0,0.0,0.0,5.0,6.0,6.0
20,0021900698,1610612762,UTA,Utah,1629714,Jarrell Brantley,,DNP - Coach's Decision                  ,,,,,,,,,,,,,,,,,,,,
21,0021900698,1610612762,UTA,Utah,202334,Ed Davis,,DNP - Coach's Decision                  ,,,,,,,,,,,,,,,,,,,,
22,0021900698,1610612762,UTA,Utah,1626144,Emmanuel Mudiay,,DNP - Coach's Decision                  ,,,,,,,,,,,,,,,,,,,,
23,0021900698,1610612762,UTA,Utah,1629730,Rayjon Tucker,,DNP - Coach's Decision                  ,,,,,,,,,,,,,,,,,,,,
13,0021900680,1610612762,UTA,Utah,202711,Bojan Bogdanovic,F,,34:38,6.0,16.0,0.375,4.0,10.0,0.4,7.0,7.0,1.0,0.0,1.0,1.0,1.0,0.0,1.0,2.0,2.0,23.0,2.0
14,0021900680,1610612762,UTA,Utah,1626220,Royce O'Neale,F,,36:07,5.0,9.0,0.556,2.0,6.0,0.333,0.0,0.0,0.0,0.0,7.0,7.0,3.0,0.0,0.0,1.0,2.0,12.0,-9.0
15,0021900680,1610612762,UTA,Utah,203497,Rudy Gobert,C,,37:04,8.0,8.0,1.0,0.0,0.0,0.0,6.0,9.0,0.667,4.0,13.0,17.0,2.0,0.0,5.0,4.0,5.0,22.0,2.0
16,0021900680,1610612762,UTA,Utah,204060,Joe Ingles,G,,29:05,3.0,7.0,0.429,1.0,4.0,0.25,2.0,4.0,0.5,1.0,3.0,4.0,5.0,2.0,0.0,0.0,3.0,9.0,14.0
17,0021900680,1610612762,UTA,Utah,1628378,Donovan Mitchell,G,,36:58,9.0,25.0,0.36,5.0,11.0,0.455,2.0,2.0,1.0,1.0,7.0,8.0,5.0,2.0,0.0,5.0,3.0,25.0,-3.0
18,0021900680,1610612762,UTA,Utah,1627777,Georges Niang,,,11:20,2.0,4.0,0.5,2.0,4.0,0.5,0.0,0.0,0.0,0.0,0.0,0.0,0.0,0.0,0.0,0.0,0.0,6.0,12.0
19,0021900680,1610612762,UTA,Utah,203903,Jordan Clarkson,,,24:24,2.0,11.0,0.182,1.0,6.0,0.167,0.0,0.0,0.0,3.0,1.0,4.0,5.0,1.0,0.0,1.0,2.0,5.0,11.0
20,0021900680,1610612762,UTA,Utah,201144,Mike Conley,,,19:28,3.0,9.0,0.333,0.0,2.0,0.0,0.0,0.0,0.0,0.0,4.0,4.0,1.0,0.0,0.0,0.0,2.0,6.0,-7.0
21,0021900680,1610612762,UTA,Utah,1628396,Tony Bradley,,,10:56,2.0,2.0,1.0,0.0,0.0,0.0,0.0,0.0,0.0,3.0,6.0,9.0,0.0,0.0,0.0,0.0,2.0,4.0,3.0
22,0021900680,1610612762,UTA,Utah,202334,Ed Davis,,DNP - Coach's Decision                  ,,,,,,,,,,,,,,,,,,,,
23,0021900680,1610612762,UTA,Utah,1629752,Juwan Morgan,,DNP - Coach's Decision                  ,,,,,,,,,,,,,,,,,,,,
24,0021900680,1610612762,UTA,Utah,1629730,Rayjon Tucker,,DNP - Coach's Decision                  ,,,,,,,,,,,,,,,,,,,,
25,0021900680,1610612762,UTA,Utah,1628430,Nigel Williams-Goss,,DNP - Coach's Decision                  ,,,,,,,,,,,,,,,,,,,,
0,0021900665,1610612762,UTA,Utah,202711,Bojan Bogdanovic,F,,28:54,6.0,14.0,0.429,4.0,8.0,0.5,2.0,3.0,0.667,0.0,4.0,4.0,3.0,1.0,0.0,0.0,0.0,18.0,31.0
1,0021900665,1610612762,UTA,Utah,1626220,Royce O'Neale,F,,26:22,2.0,3.0,0.667,0.0,1.0,0.0,0.0,0.0,0.0,1.0,8.0,9.0,6.0,0.0,0.0,0.0,2.0,4.0,23.0
2,0021900665,1610612762,UTA,Utah,203497,Rudy Gobert,C,,30:16,10.0,13.0,0.769,0.0,0.0,0.0,2.0,7.0,0.286,6.0,9.0,15.0,2.0,1.0,3.0,1.0,2.0,22.0,31.0
3,0021900665,1610612762,UTA,Utah,204060,Joe Ingles,G,,25:04,4.0,7.0,0.571,2.0,3.0,0.667,1.0,2.0,0.5,0.0,2.0,2.0,8.0,0.0,0.0,2.0,1.0,11.0,20.0
4,0021900665,1610612762,UTA,Utah,1628378,Donovan Mitchell,G,,22:22,8.0,13.0,0.615,4.0,8.0,0.5,3.0,4.0,0.75,0.0,4.0,4.0,3.0,1.0,0.0,1.0,1.0,23.0,24.0
5,0021900665,1610612762,UTA,Utah,203903,Jordan Clarkson,,,26:15,3.0,11.0,0.273,1.0,6.0,0.167,3.0,4.0,0.75,2.0,3.0,5.0,3.0,0.0,0.0,0.0,0.0,10.0,10.0
6,0021900665,1610612762,UTA,Utah,1627777,Georges Niang,,,21:32,4.0,7.0,0.571,3.0,5.0,0.6,0.0,0.0,0.0,0.0,2.0,2.0,3.0,1.0,0.0,1.0,2.0,11.0,10.0
7,0021900665,1610612762,UTA,Utah,201144,Mike Conley,,,18:30,4.0,10.0,0.4,0.0,4.0,0.0,0.0,0.0,0.0,0.0,1.0,1.0,1.0,1.0,0.0,0.0,2.0,8.0,11.0
8,0021900665,1610612762,UTA,Utah,1628396,Tony Bradley,,,10:26,1.0,3.0,0.333,0.0,0.0,0.0,1.0,3.0,0.333,3.0,4.0,7.0,0.0,0.0,0.0,0.0,3.0,3.0,3.0
9,0021900665,1610612762,UTA,Utah,202334,Ed Davis,,,7:18,1.0,2.0,0.5,0.0,0.0,0.0,0.0,0.0,0.0,2.0,2.0,4.0,0.0,0.0,0.0,0.0,2.0,2.0,-1.0
10,0021900665,1610612762,UTA,Utah,1626144,Emmanuel Mudiay,,,9:29,3.0,4.0,0.75,2.0,3.0,0.667,0.0,0.0,0.0,0.0,0.0,0.0,2.0,0.0,0.0,2.0,1.0,8.0,-1.0
11,0021900665,1610612762,UTA,Utah,1629730,Rayjon Tucker,,,7:34,3.0,5.0,0.6,0.0,1.0,0.0,0.0,0.0,0.0,1.0,0.0,1.0,0.0,0.0,0.0,2.0,2.0,6.0,2.0
12,0021900665,1610612762,UTA,Utah,1629752,Juwan Morgan,,,5:59,1.0,1.0,1.0,1.0,1.0,1.0,0.0,0.0,0.0,0.0,2.0,2.0,0.0,0.0,0.0,0.0,1.0,3.0,2.0
13,0021900651,1610612762,UTA,Utah,202711,Bojan Bogdanovic,F,,32:11,5.0,11.0,0.455,1.0,5.0,0.2,5.0,5.0,1.0,1.0,3.0,4.0,0.0,0.0,0.0,5.0,2.0,16.0,16.0
14,0021900651,1610612762,UTA,Utah,1626220,Royce O'Neale,F,,28:07,2.0,7.0,0.286,1.0,5.0,0.2,0.0,0.0,0.0,1.0,6.0,7.0,4.0,0.0,0.0,2.0,2.0,5.0,11.0
15,0021900651,1610612762,UTA,Utah,203497,Rudy Gobert,C,,31:06,8.0,11.0,0.727,0.0,0.0,0.0,4.0,4.0,1.0,3.0,11.0,14.0,2.0,0.0,1.0,1.0,0.0,20.0,24.0
16,0021900651,1610612762,UTA,Utah,204060,Joe Ingles,G,,26:43,2.0,3.0,0.667,2.0,3.0,0.667,0.0,0.0,0.0,0.0,5.0,5.0,7.0,1.0,0.0,4.0,0.0,6.0,21.0
17,0021900651,1610612762,UTA,Utah,1628378,Donovan Mitchell,G,,31:13,11.0,19.0,0.579,2.0,5.0,0.4,1.0,1.0,1.0,0.0,2.0,2.0,3.0,2.0,1.0,3.0,1.0,25.0,15.0
18,0021900651,1610612762,UTA,Utah,203903,Jordan Clarkson,,,23:41,3.0,9.0,0.333,1.0,4.0,0.25,0.0,0.0,0.0,1.0,6.0,7.0,2.0,0.0,0.0,1.0,0.0,7.0,14.0
19,0021900651,1610612762,UTA,Utah,1627777,Georges Niang,,,19:53,5.0,9.0,0.556,3.0,6.0,0.5,2.0,2.0,1.0,1.0,1.0,2.0,0.0,1.0,1.0,2.0,0.0,15.0,19.0
20,0021900651,1610612762,UTA,Utah,201144,Mike Conley,,,17:56,6.0,8.0,0.75,2.0,3.0,0.667,0.0,0.0,0.0,0.0,1.0,1.0,2.0,0.0,0.0,2.0,1.0,14.0,6.0
21,0021900651,1610612762,UTA,Utah,1628396,Tony Bradley,,,16:54,4.0,5.0,0.8,0.0,0.0,0.0,0.0,0.0,0.0,3.0,7.0,10.0,0.0,1.0,1.0,1.0,4.0,8.0,6.0
22,0021900651,1610612762,UTA,Utah,1626144,Emmanuel Mudiay,,,4:19,1.0,2.0,0.5,0.0,0.0,0.0,0.0,0.0,0.0,1.0,0.0,1.0,2.0,0.0,0.0,0.0,1.0,2.0,6.0
23,0021900651,1610612762,UTA,Utah,1629752,Juwan Morgan,,,4:19,0.0,0.0,0.0,0.0,0.0,0.0,0.0,0.0,0.0,0.0,0.0,0.0,0.0,0.0,0.0,0.0,0.0,0.0,6.0
24,0021900651,1610612762,UTA,Utah,1629730,Rayjon Tucker,,,3:38,0.0,3.0,0.0,0.0,0.0,0.0,0.0,0.0,0.0,0.0,0.0,0.0,0.0,0.0,0.0,0.0,0.0,0.0,6.0
25,0021900651,1610612762,UTA,Utah,202334,Ed Davis,,DNP - Coach's Decision                  ,,,,,,,,,,,,,,,,,,,,
11,0021900636,1610612762,UTA,Utah,202711,Bojan Bogdanovic,F,,30:51,10.0,15.0,0.667,6.0,9.0,0.667,4.0,4.0,1.0,0.0,2.0,2.0,1.0,1.0,0.0,1.0,2.0,30.0,27.0
12,0021900636,1610612762,UTA,Utah,1626220,Royce O'Neale,F,,32:35,1.0,4.0,0.25,0.0,2.0,0.0,0.0,0.0,0.0,2.0,4.0,6.0,4.0,1.0,1.0,0.0,2.0,2.0,22.0
13,0021900636,1610612762,UTA,Utah,203497,Rudy Gobert,C,,33:39,9.0,11.0,0.818,0.0,0.0,0.0,10.0,11.0,0.909,3.0,12.0,15.0,0.0,2.0,3.0,1.0,4.0,28.0,32.0
14,0021900636,1610612762,UTA,Utah,204060,Joe Ingles,G,,30:45,1.0,7.0,0.143,0.0,5.0,0.0,0.0,0.0,0.0,0.0,9.0,9.0,12.0,0.0,0.0,3.0,1.0,2.0,17.0
15,0021900636,1610612762,UTA,Utah,1628378,Donovan Mitchell,G,,31:45,6.0,18.0,0.333,3.0,11.0,0.273,7.0,7.0,1.0,2.0,2.0,4.0,2.0,0.0,0.0,2.0,2.0,22.0,10.0
16,0021900636,1610612762,UTA,Utah,1627777,Georges Niang,,,15:42,4.0,7.0,0.571,2.0,4.0,0.5,0.0,0.0,0.0,0.0,0.0,0.0,1.0,0.0,0.0,0.0,0.0,10.0,-7.0
17,0021900636,1610612762,UTA,Utah,203903,Jordan Clarkson,,,27:01,8.0,13.0,0.615,2.0,7.0,0.286,2.0,2.0,1.0,0.0,5.0,5.0,1.0,1.0,0.0,1.0,1.0,20.0,12.0
18,0021900636,1610612762,UTA,Utah,201144,Mike Conley,,,15:14,1.0,3.0,0.333,1.0,3.0,0.333,0.0,0.0,0.0,0.0,1.0,1.0,3.0,2.0,0.0,0.0,1.0,3.0,10.0
19,0021900636,1610612762,UTA,Utah,1628396,Tony Bradley,,,12:34,2.0,3.0,0.667,0.0,0.0,0.0,0.0,0.0,0.0,2.0,0.0,2.0,0.0,0.0,0.0,0.0,1.0,4.0,-4.0
20,0021900636,1610612762,UTA,Utah,1626144,Emmanuel Mudiay,,,3:18,1.0,4.0,0.25,0.0,1.0,0.0,0.0,0.0,0.0,0.0,1.0,1.0,0.0,0.0,0.0,0.0,0.0,2.0,-3.0
21,0021900636,1610612762,UTA,Utah,1629730,Rayjon Tucker,,,3:18,0.0,0.0,0.0,0.0,0.0,0.0,0.0,0.0,0.0,0.0,1.0,1.0,0.0,0.0,0.0,0.0,0.0,0.0,-3.0
22,0021900636,1610612762,UTA,Utah,1629752,Juwan Morgan,,,3:18,0.0,0.0,0.0,0.0,0.0,0.0,0.0,0.0,0.0,1.0,0.0,1.0,0.0,0.0,0.0,0.0,0.0,0.0,-3.0
23,0021900636,1610612762,UTA,Utah,202334,Ed Davis,,DNP - Coach's Decision                  ,,,,,,,,,,,,,,,,,,,,
0,0021900616,1610612762,UTA,Utah,202711,Bojan Bogdanovic,F,,40:14,9.0,17.0,0.529,3.0,8.0,0.375,5.0,5.0,1.0,1.0,2.0,3.0,4.0,0.0,0.0,2.0,2.0,26.0,-4.0
1,0021900616,1610612762,UTA,Utah,1626220,Royce O'Neale,F,,36:17,3.0,4.0,0.75,1.0,1.0,1.0,2.0,2.0,1.0,0.0,5.0,5.0,3.0,0.0,2.0,0.0,6.0,9.0,-5.0
2,0021900616,1610612762,UTA,Utah,203497,Rudy Gobert,C,,38:55,6.0,10.0,0.6,0.0,0.0,0.0,5.0,9.0,0.556,4.0,10.0,14.0,4.0,0.0,3.0,1.0,6.0,17.0,3.0
3,0021900616,1610612762,UTA,Utah,204060,Joe Ingles,G,,39:12,5.0,11.0,0.455,1.0,5.0,0.2,1.0,3.0,0.333,1.0,4.0,5.0,6.0,2.0,0.0,3.0,5.0,12.0,-3.0
4,0021900616,1610612762,UTA,Utah,1628378,Donovan Mitchell,G,,42:20,16.0,34.0,0.471,7.0,15.0,0.467,7.0,7.0,1.0,3.0,3.0,6.0,2.0,2.0,0.0,3.0,2.0,46.0,-4.0
5,0021900616,1610612762,UTA,Utah,203903,Jordan Clarkson,,,21:02,5.0,10.0,0.5,3.0,5.0,0.6,2.0,2.0,1.0,0.0,2.0,2.0,0.0,2.0,0.0,1.0,1.0,15.0,-11.0
6,0021900616,1610612762,UTA,Utah,1626144,Emmanuel Mudiay,,,15:00,1.0,6.0,0.167,0.0,1.0,0.0,1.0,2.0,0.5,0.0,1.0,1.0,1.0,2.0,0.0,2.0,1.0,3.0,6.0
7,0021900616,1610612762,UTA,Utah,1627777,Georges Niang,,,15:04,0.0,4.0,0.0,0.0,3.0,0.0,0.0,0.0,0.0,0.0,1.0,1.0,3.0,0.0,0.0,0.0,2.0,0.0,0.0
8,0021900616,1610612762,UTA,Utah,1628396,Tony Bradley,,,13:55,1.0,3.0,0.333,0.0,0.0,0.0,0.0,0.0,0.0,2.0,4.0,6.0,0.0,1.0,1.0,1.0,4.0,2.0,-8.0
9,0021900616,1610612762,UTA,Utah,1629730,Rayjon Tucker,,,3:01,0.0,1.0,0.0,0.0,1.0,0.0,2.0,2.0,1.0,0.0,0.0,0.0,0.0,0.0,0.0,0.0,0.0,2.0,-4.0
10,0021900616,1610612762,UTA,Utah,202334,Ed Davis,,DNP - Coach's Decision                  ,,,,,,,,,,,,,,,,,,,,
11,0021900616,1610612762,UTA,Utah,1629752,Juwan Morgan,,DNP - Coach's Decision                  ,,,,,,,,,,,,,,,,,,,,
12,0021900616,1610612762,UTA,Utah,1629625,Justin Wright-Foreman,,DNP - Coach's Decision                  ,,,,,,,,,,,,,,,,,,,,
0,0021900599,1610612762,UTA,Utah,202711,Bojan Bogdanovic,F,,32:25,8.0,16.0,0.5,2.0,7.0,0.286,0.0,0.0,0.0,0.0,2.0,2.0,0.0,1.0,0.0,2.0,1.0,18.0,5.0
1,0021900599,1610612762,UTA,Utah,1626220,Royce O'Neale,F,,31:58,0.0,5.0,0.0,0.0,3.0,0.0,0.0,0.0,0.0,0.0,6.0,6.0,4.0,0.0,1.0,1.0,3.0,0.0,5.0
2,0021900599,1610612762,UTA,Utah,203497,Rudy Gobert,C,,36:33,9.0,12.0,0.75,0.0,0.0,0.0,4.0,6.0,0.667,4.0,14.0,18.0,3.0,1.0,2.0,0.0,3.0,22.0,11.0
3,0021900599,1610612762,UTA,Utah,204060,Joe Ingles,G,,29:57,10.0,14.0,0.714,6.0,8.0,0.75,1.0,1.0,1.0,0.0,3.0,3.0,5.0,1.0,0.0,1.0,0.0,27.0,9.0
4,0021900599,1610612762,UTA,Utah,1628378,Donovan Mitchell,G,,36:21,8.0,19.0,0.421,3.0,7.0,0.429,6.0,6.0,1.0,0.0,0.0,0.0,4.0,1.0,0.0,3.0,3.0,25.0,20.0
5,0021900599,1610612762,UTA,Utah,203903,Jordan Clarkson,,,25:44,6.0,13.0,0.462,1.0,5.0,0.2,0.0,0.0,0.0,1.0,2.0,3.0,1.0,0.0,0.0,1.0,3.0,13.0,-5.0
6,0021900599,1610612762,UTA,Utah,1626144,Emmanuel Mudiay,,,15:34,3.0,6.0,0.5,1.0,3.0,0.333,0.0,0.0,0.0,0.0,1.0,1.0,2.0,1.0,0.0,0.0,0.0,7.0,4.0
7,0021900599,1610612762,UTA,Utah,1627777,Georges Niang,,,16:02,1.0,5.0,0.2,0.0,3.0,0.0,0.0,0.0,0.0,1.0,1.0,2.0,0.0,0.0,0.0,0.0,0.0,2.0,6.0
8,0021900599,1610612762,UTA,Utah,1628396,Tony Bradley,,,11:27,1.0,2.0,0.5,0.0,0.0,0.0,2.0,2.0,1.0,1.0,5.0,6.0,0.0,3.0,0.0,0.0,2.0,4.0,0.0
9,0021900599,1610612762,UTA,Utah,1629730,Rayjon Tucker,,,3:59,0.0,0.0,0.0,0.0,0.0,0.0,0.0,0.0,0.0,0.0,0.0,0.0,0.0,0.0,0.0,0.0,0.0,0.0,0.0
10,0021900599,1610612762,UTA,Utah,202334,Ed Davis,,DNP - Coach's Decision                  ,,,,,,,,,,,,,,,,,,,,
11,0021900599,1610612762,UTA,Utah,1629752,Juwan Morgan,,DNP - Coach's Decision                  ,,,,,,,,,,,,,,,,,,,,
12,0021900599,1610612762,UTA,Utah,1629625,Justin Wright-Foreman,,DNP - Coach's Decision                  ,,,,,,,,,,,,,,,,,,,,
0,0021900585,1610612762,UTA,Utah,202711,Bojan Bogdanovic,F,,36:18,12.0,23.0,0.522,2.0,8.0,0.25,5.0,5.0,1.0,0.0,3.0,3.0,3.0,0.0,0.0,4.0,0.0,31.0,10.0
1,0021900585,1610612762,UTA,Utah,1626220,Royce O'Neale,F,,28:53,3.0,4.0,0.75,2.0,2.0,1.0,2.0,2.0,1.0,1.0,4.0,5.0,1.0,0.0,0.0,0.0,4.0,10.0,10.0
2,0021900585,1610612762,UTA,Utah,203497,Rudy Gobert,C,,37:31,8.0,10.0,0.8,0.0,0.0,0.0,5.0,9.0,0.556,5.0,9.0,14.0,2.0,1.0,2.0,3.0,5.0,21.0,15.0
3,0021900585,1610612762,UTA,Utah,204060,Joe Ingles,G,,33:15,6.0,15.0,0.4,4.0,8.0,0.5,4.0,4.0,1.0,0.0,2.0,2.0,9.0,2.0,0.0,0.0,2.0,20.0,12.0
4,0021900585,1610612762,UTA,Utah,1626144,Emmanuel Mudiay,G,,30:10,6.0,10.0,0.6,1.0,4.0,0.25,1.0,1.0,1.0,1.0,4.0,5.0,5.0,0.0,0.0,0.0,2.0,14.0,2.0
5,0021900585,1610612762,UTA,Utah,203903,Jordan Clarkson,,,34:18,10.0,22.0,0.455,1.0,5.0,0.2,2.0,2.0,1.0,2.0,0.0,2.0,3.0,2.0,0.0,2.0,1.0,23.0,6.0
6,0021900585,1610612762,UTA,Utah,1627777,Georges Niang,,,17:24,2.0,4.0,0.5,0.0,2.0,0.0,2.0,2.0,1.0,0.0,2.0,2.0,0.0,0.0,0.0,0.0,1.0,6.0,3.0
7,0021900585,1610612762,UTA,Utah,1628396,Tony Bradley,,,10:29,1.0,1.0,1.0,0.0,0.0,0.0,0.0,0.0,0.0,3.0,4.0,7.0,1.0,1.0,0.0,2.0,2.0,2.0,-4.0
8,0021900585,1610612762,UTA,Utah,1629730,Rayjon Tucker,,,11:42,0.0,1.0,0.0,0.0,1.0,0.0,0.0,0.0,0.0,0.0,4.0,4.0,0.0,0.0,0.0,0.0,1.0,0.0,1.0
9,0021900585,1610612762,UTA,Utah,202334,Ed Davis,,DNP - Coach's Decision                  ,,,,,,,,,,,,,,,,,,,,
10,0021900585,1610612762,UTA,Utah,1629752,Juwan Morgan,,DNP - Coach's Decision                  ,,,,,,,,,,,,,,,,,,,,
11,0021900585,1610612762,UTA,Utah,1629625,Justin Wright-Foreman,,DNP - Coach's Decision                  ,,,,,,,,,,,,,,,,,,,,
13,0021900574,1610612762,UTA,Utah,202711,Bojan Bogdanovic,F,,25:16,5.0,9.0,0.556,4.0,8.0,0.5,2.0,2.0,1.0,0.0,3.0,3.0,3.0,0.0,0.0,3.0,2.0,16.0,20.0
14,0021900574,1610612762,UTA,Utah,1626220,Royce O'Neale,F,,24:20,2.0,2.0,1.0,1.0,1.0,1.0,2.0,2.0,1.0,2.0,4.0,6.0,3.0,2.0,1.0,1.0,3.0,7.0,22.0
15,0021900574,1610612762,UTA,Utah,203497,Rudy Gobert,C,,29:07,6.0,10.0,0.6,0.0,0.0,0.0,3.0,4.0,0.75,2.0,11.0,13.0,3.0,1.0,5.0,1.0,0.0,15.0,25.0
16,0021900574,1610612762,UTA,Utah,204060,Joe Ingles,G,,21:19,3.0,6.0,0.5,3.0,5.0,0.6,2.0,2.0,1.0,0.0,0.0,0.0,3.0,1.0,0.0,2.0,1.0,11.0,18.0
17,0021900574,1610612762,UTA,Utah,1628378,Donovan Mitchell,G,,22:20,2.0,9.0,0.222,0.0,3.0,0.0,0.0,0.0,0.0,0.0,1.0,1.0,4.0,2.0,0.0,2.0,3.0,4.0,8.0
18,0021900574,1610612762,UTA,Utah,1626144,Emmanuel Mudiay,,,28:00,4.0,10.0,0.4,2.0,5.0,0.4,0.0,0.0,0.0,0.0,3.0,3.0,6.0,1.0,0.0,0.0,1.0,10.0,8.0
19,0021900574,1610612762,UTA,Utah,203903,Jordan Clarkson,,,25:43,8.0,15.0,0.533,3.0,9.0,0.333,1.0,2.0,0.5,1.0,3.0,4.0,2.0,1.0,0.0,1.0,2.0,20.0,14.0
20,0021900574,1610612762,UTA,Utah,1627777,Georges Niang,,,19:54,5.0,9.0,0.556,5.0,9.0,0.556,0.0,0.0,0.0,1.0,2.0,3.0,2.0,0.0,0.0,0.0,2.0,15.0,-2.0
21,0021900574,1610612762,UTA,Utah,1628396,Tony Bradley,,,13:17,2.0,2.0,1.0,0.0,0.0,0.0,1.0,2.0,0.5,3.0,2.0,5.0,1.0,0.0,0.0,2.0,2.0,5.0,-5.0
22,0021900574,1610612762,UTA,Utah,1629730,Rayjon Tucker,,,16:47,1.0,2.0,0.5,0.0,0.0,0.0,0.0,0.0,0.0,0.0,0.0,0.0,1.0,1.0,0.0,1.0,2.0,2.0,-8.0
23,0021900574,1610612762,UTA,Utah,202334,Ed Davis,,,5:36,0.0,1.0,0.0,0.0,0.0,0.0,0.0,0.0,0.0,0.0,1.0,1.0,0.0,0.0,0.0,1.0,2.0,0.0,-3.0
24,0021900574,1610612762,UTA,Utah,1629752,Juwan Morgan,,,8:21,2.0,4.0,0.5,0.0,2.0,0.0,0.0,0.0,0.0,0.0,1.0,1.0,0.0,0.0,0.0,1.0,0.0,4.0,-12.0
13,0021900561,1610612762,UTA,Utah,202711,Bojan Bogdanovic,F,,26:00,7.0,14.0,0.5,4.0,10.0,0.4,2.0,2.0,1.0,0.0,3.0,3.0,3.0,0.0,1.0,0.0,0.0,20.0,33.0
14,0021900561,1610612762,UTA,Utah,1626220,Royce O'Neale,F,,29:07,3.0,5.0,0.6,2.0,3.0,0.667,0.0,0.0,0.0,0.0,7.0,7.0,2.0,1.0,0.0,0.0,2.0,8.0,35.0
15,0021900561,1610612762,UTA,Utah,203497,Rudy Gobert,C,,26:00,5.0,5.0,1.0,0.0,0.0,0.0,6.0,10.0,0.6,3.0,13.0,16.0,4.0,1.0,1.0,1.0,2.0,16.0,33.0
16,0021900561,1610612762,UTA,Utah,204060,Joe Ingles,G,,26:12,4.0,10.0,0.4,2.0,6.0,0.333,1.0,2.0,0.5,1.0,1.0,2.0,5.0,0.0,0.0,0.0,0.0,11.0,23.0
17,0021900561,1610612762,UTA,Utah,1628378,Donovan Mitchell,G,,25:21,6.0,11.0,0.545,2.0,6.0,0.333,2.0,2.0,1.0,1.0,2.0,3.0,6.0,1.0,0.0,0.0,3.0,16.0,2.0
18,0021900561,1610612762,UTA,Utah,203903,Jordan Clarkson,,,23:53,5.0,13.0,0.385,1.0,6.0,0.167,0.0,0.0,0.0,0.0,0.0,0.0,1.0,1.0,1.0,0.0,0.0,11.0,-3.0
19,0021900561,1610612762,UTA,Utah,1626144,Emmanuel Mudiay,,,25:12,8.0,12.0,0.667,2.0,4.0,0.5,2.0,5.0,0.4,1.0,2.0,3.0,4.0,1.0,1.0,4.0,1.0,20.0,9.0
20,0021900561,1610612762,UTA,Utah,1627777,Georges Niang,,,19:54,4.0,9.0,0.444,3.0,6.0,0.5,0.0,0.0,0.0,0.0,4.0,4.0,2.0,1.0,1.0,1.0,0.0,11.0,-10.0
21,0021900561,1610612762,UTA,Utah,1628396,Tony Bradley,,,15:23,6.0,7.0,0.857,0.0,0.0,0.0,0.0,0.0,0.0,4.0,3.0,7.0,0.0,0.0,0.0,1.0,4.0,12.0,-4.0
22,0021900561,1610612762,UTA,Utah,1629730,Rayjon Tucker,,,9:09,0.0,1.0,0.0,0.0,1.0,0.0,0.0,0.0,0.0,0.0,2.0,2.0,1.0,0.0,0.0,0.0,1.0,0.0,-3.0
23,0021900561,1610612762,UTA,Utah,202334,Ed Davis,,,6:37,0.0,1.0,0.0,0.0,0.0,0.0,1.0,2.0,0.5,2.0,0.0,2.0,0.0,0.0,1.0,0.0,1.0,1.0,-5.0
24,0021900561,1610612762,UTA,Utah,1629752,Juwan Morgan,,,3:36,0.0,0.0,0.0,0.0,0.0,0.0,0.0,0.0,0.0,0.0,0.0,0.0,0.0,0.0,0.0,0.0,0.0,0.0,5.0
25,0021900561,1610612762,UTA,Utah,1628430,Nigel Williams-Goss,,,3:36,1.0,2.0,0.5,0.0,1.0,0.0,0.0,0.0,0.0,0.0,1.0,1.0,1.0,0.0,0.0,0.0,1.0,2.0,5.0
0,0021900544,1610612762,UTA,Utah,202711,Bojan Bogdanovic,F,,33:17,11.0,21.0,0.524,3.0,9.0,0.333,10.0,10.0,1.0,0.0,0.0,0.0,0.0,0.0,0.0,3.0,3.0,35.0,-3.0
1,0021900544,1610612762,UTA,Utah,1626220,Royce O'Neale,F,,34:21,1.0,2.0,0.5,1.0,2.0,0.5,0.0,0.0,0.0,0.0,7.0,7.0,2.0,0.0,0.0,0.0,4.0,3.0,-3.0
2,0021900544,1610612762,UTA,Utah,203497,Rudy Gobert,C,,34:08,4.0,10.0,0.4,0.0,0.0,0.0,1.0,2.0,0.5,4.0,15.0,19.0,1.0,0.0,0.0,2.0,4.0,9.0,1.0
3,0021900544,1610612762,UTA,Utah,204060,Joe Ingles,G,,27:59,8.0,12.0,0.667,4.0,5.0,0.8,2.0,2.0,1.0,0.0,2.0,2.0,6.0,2.0,0.0,0.0,1.0,22.0,12.0
4,0021900544,1610612762,UTA,Utah,1628378,Donovan Mitchell,G,,34:34,7.0,18.0,0.389,2.0,6.0,0.333,3.0,3.0,1.0,0.0,4.0,4.0,6.0,1.0,0.0,0.0,5.0,19.0,2.0
5,0021900544,1610612762,UTA,Utah,1626144,Emmanuel Mudiay,,,15:52,4.0,8.0,0.5,0.0,1.0,0.0,0.0,0.0,0.0,0.0,2.0,2.0,2.0,0.0,0.0,1.0,2.0,8.0,-3.0
6,0021900544,1610612762,UTA,Utah,203903,Jordan Clarkson,,,24:48,6.0,11.0,0.545,4.0,7.0,0.571,0.0,2.0,0.0,1.0,0.0,1.0,1.0,0.0,1.0,1.0,2.0,16.0,0.0
7,0021900544,1610612762,UTA,Utah,1627777,Georges Niang,,,16:07,2.0,4.0,0.5,2.0,3.0,0.667,0.0,0.0,0.0,0.0,4.0,4.0,0.0,0.0,0.0,0.0,0.0,6.0,0.0
8,0021900544,1610612762,UTA,Utah,1628396,Tony Bradley,,,13:52,2.0,3.0,0.667,0.0,0.0,0.0,3.0,4.0,0.75,1.0,2.0,3.0,1.0,0.0,2.0,1.0,4.0,7.0,1.0
9,0021900544,1610612762,UTA,Utah,1629730,Rayjon Tucker,,,5:03,1.0,1.0,1.0,0.0,0.0,0.0,1.0,1.0,1.0,1.0,0.0,1.0,0.0,0.0,0.0,0.0,0.0,3.0,3.0
10,0021900544,1610612762,UTA,Utah,202334,Ed Davis,,DNP - Coach's Decision                  ,,,,,,,,,,,,,,,,,,,,
11,0021900544,1610612762,UTA,Utah,1629752,Juwan Morgan,,DNP - Coach's Decision                  ,,,,,,,,,,,,,,,,,,,,
0,0021900525,1610612762,UTA,Utah,202711,Bojan Bogdanovic,F,,29:51,4.0,13.0,0.308,2.0,6.0,0.333,4.0,5.0,0.8,2.0,3.0,5.0,0.0,0.0,0.0,3.0,1.0,14.0,6.0
1,0021900525,1610612762,UTA,Utah,1626220,Royce O'Neale,F,,27:45,1.0,6.0,0.167,1.0,5.0,0.2,0.0,0.0,0.0,0.0,4.0,4.0,2.0,1.0,0.0,0.0,2.0,3.0,7.0
2,0021900525,1610612762,UTA,Utah,203497,Rudy Gobert,C,,33:33,3.0,8.0,0.375,0.0,0.0,0.0,2.0,4.0,0.5,7.0,10.0,17.0,4.0,1.0,0.0,0.0,3.0,8.0,10.0
3,0021900525,1610612762,UTA,Utah,204060,Joe Ingles,G,,32:56,4.0,11.0,0.364,3.0,9.0,0.333,0.0,0.0,0.0,0.0,4.0,4.0,5.0,1.0,0.0,2.0,0.0,11.0,19.0
4,0021900525,1610612762,UTA,Utah,1628378,Donovan Mitchell,G,,35:07,14.0,21.0,0.667,4.0,7.0,0.571,0.0,1.0,0.0,0.0,3.0,3.0,6.0,0.0,1.0,2.0,1.0,32.0,15.0
5,0021900525,1610612762,UTA,Utah,1626144,Emmanuel Mudiay,,,18:07,5.0,11.0,0.455,0.0,1.0,0.0,2.0,2.0,1.0,2.0,4.0,6.0,2.0,0.0,0.0,0.0,0.0,12.0,-3.0
6,0021900525,1610612762,UTA,Utah,1627777,Georges Niang,,,16:37,5.0,8.0,0.625,5.0,8.0,0.625,0.0,0.0,0.0,0.0,5.0,5.0,2.0,0.0,0.0,0.0,1.0,15.0,13.0
7,0021900525,1610612762,UTA,Utah,203903,Jordan Clarkson,,,26:29,3.0,8.0,0.375,1.0,3.0,0.333,0.0,0.0,0.0,0.0,1.0,1.0,1.0,0.0,2.0,1.0,2.0,7.0,4.0
8,0021900525,1610612762,UTA,Utah,1628396,Tony Bradley,,,14:27,2.0,5.0,0.4,0.0,0.0,0.0,1.0,2.0,0.5,3.0,3.0,6.0,0.0,0.0,0.0,0.0,0.0,5.0,3.0
9,0021900525,1610612762,UTA,Utah,1629730,Rayjon Tucker,,,4:34,1.0,2.0,0.5,0.0,1.0,0.0,0.0,0.0,0.0,0.0,0.0,0.0,0.0,0.0,0.0,0.0,0.0,2.0,-8.0
10,0021900525,1610612762,UTA,Utah,1629752,Juwan Morgan,,,0:34,0.0,0.0,0.0,0.0,0.0,0.0,0.0,0.0,0.0,0.0,0.0,0.0,0.0,0.0,0.0,0.0,0.0,0.0,-1.0
11,0021900525,1610612762,UTA,Utah,202334,Ed Davis,,DNP - Coach's Decision                  ,,,,,,,,,,,,,,,,,,,,
0,0021900511,1610612762,UTA,Utah,202711,Bojan Bogdanovic,F,,33:47,5.0,13.0,0.385,0.0,5.0,0.0,9.0,9.0,1.0,2.0,4.0,6.0,1.0,1.0,0.0,5.0,2.0,19.0,-8.0
1,0021900511,1610612762,UTA,Utah,1626220,Royce O'Neale,F,,28:36,2.0,4.0,0.5,1.0,3.0,0.333,0.0,0.0,0.0,0.0,3.0,3.0,3.0,1.0,0.0,2.0,2.0,5.0,-10.0
2,0021900511,1610612762,UTA,Utah,203497,Rudy Gobert,C,,35:17,8.0,11.0,0.727,0.0,0.0,0.0,1.0,2.0,0.5,2.0,10.0,12.0,0.0,0.0,3.0,2.0,4.0,17.0,-4.0
3,0021900511,1610612762,UTA,Utah,204060,Joe Ingles,G,,34:18,3.0,9.0,0.333,2.0,5.0,0.4,0.0,0.0,0.0,0.0,5.0,5.0,10.0,0.0,1.0,0.0,2.0,8.0,1.0
4,0021900511,1610612762,UTA,Utah,1628378,Donovan Mitchell,G,,37:56,6.0,14.0,0.429,2.0,5.0,0.4,3.0,3.0,1.0,1.0,3.0,4.0,7.0,0.0,0.0,5.0,2.0,17.0,5.0
5,0021900511,1610612762,UTA,Utah,1627777,Georges Niang,,,17:19,4.0,7.0,0.571,3.0,5.0,0.6,0.0,0.0,0.0,0.0,1.0,1.0,0.0,1.0,0.0,0.0,1.0,11.0,19.0
6,0021900511,1610612762,UTA,Utah,1626144,Emmanuel Mudiay,,,17:14,3.0,5.0,0.6,0.0,0.0,0.0,1.0,2.0,0.5,0.0,1.0,1.0,2.0,2.0,0.0,1.0,1.0,7.0,5.0
7,0021900511,1610612762,UTA,Utah,203903,Jordan Clarkson,,,22:50,3.0,8.0,0.375,3.0,7.0,0.429,3.0,4.0,0.75,0.0,3.0,3.0,0.0,0.0,0.0,2.0,2.0,12.0,4.0
8,0021900511,1610612762,UTA,Utah,1628396,Tony Bradley,,,12:43,3.0,5.0,0.6,0.0,0.0,0.0,0.0,2.0,0.0,2.0,5.0,7.0,1.0,0.0,2.0,0.0,1.0,6.0,8.0
9,0021900511,1610612762,UTA,Utah,202334,Ed Davis,,DNP - Coach's Decision                  ,,,,,,,,,,,,,,,,,,,,
10,0021900511,1610612762,UTA,Utah,1629752,Juwan Morgan,,DNP - Coach's Decision                  ,,,,,,,,,,,,,,,,,,,,
11,0021900511,1610612762,UTA,Utah,1629730,Rayjon Tucker,,DNP - Coach's Decision                  ,,,,,,,,,,,,,,,,,,,,
12,0021900495,1610612762,UTA,Utah,202711,Bojan Bogdanovic,F,,34:48,6.0,15.0,0.4,1.0,4.0,0.25,4.0,5.0,0.8,1.0,3.0,4.0,2.0,1.0,0.0,1.0,1.0,17.0,19.0
13,0021900495,1610612762,UTA,Utah,1626220,Royce O'Neale,F,,24:34,2.0,4.0,0.5,1.0,3.0,0.333,0.0,0.0,0.0,0.0,1.0,1.0,1.0,0.0,0.0,1.0,2.0,5.0,12.0
14,0021900495,1610612762,UTA,Utah,203497,Rudy Gobert,C,,34:48,6.0,11.0,0.545,0.0,0.0,0.0,1.0,1.0,1.0,4.0,15.0,19.0,1.0,2.0,3.0,4.0,5.0,13.0,19.0
15,0021900495,1610612762,UTA,Utah,204060,Joe Ingles,G,,29:41,4.0,9.0,0.444,1.0,4.0,0.25,1.0,2.0,0.5,0.0,5.0,5.0,5.0,0.0,1.0,3.0,0.0,10.0,19.0
16,0021900495,1610612762,UTA,Utah,1628378,Donovan Mitchell,G,,31:36,7.0,15.0,0.467,1.0,4.0,0.25,8.0,8.0,1.0,0.0,3.0,3.0,3.0,1.0,0.0,1.0,3.0,23.0,21.0
17,0021900495,1610612762,UTA,Utah,1626144,Emmanuel Mudiay,,,19:12,2.0,6.0,0.333,1.0,1.0,1.0,0.0,0.0,0.0,0.0,2.0,2.0,3.0,0.0,0.0,3.0,0.0,5.0,1.0
18,0021900495,1610612762,UTA,Utah,1627777,Georges Niang,,,13:31,1.0,1.0,1.0,1.0,1.0,1.0,0.0,0.0,0.0,0.0,0.0,0.0,0.0,0.0,0.0,0.0,3.0,3.0,-2.0
19,0021900495,1610612762,UTA,Utah,203903,Jordan Clarkson,,,26:49,7.0,13.0,0.538,4.0,7.0,0.571,2.0,2.0,1.0,0.0,1.0,1.0,2.0,1.0,0.0,0.0,2.0,20.0,11.0
20,0021900495,1610612762,UTA,Utah,1628396,Tony Bradley,,,13:12,3.0,6.0,0.5,0.0,0.0,0.0,0.0,0.0,0.0,3.0,4.0,7.0,0.0,1.0,1.0,0.0,4.0,6.0,4.0
21,0021900495,1610612762,UTA,Utah,1629752,Juwan Morgan,,,6:52,0.0,1.0,0.0,0.0,1.0,0.0,0.0,0.0,0.0,0.0,1.0,1.0,1.0,0.0,1.0,0.0,1.0,0.0,6.0
22,0021900495,1610612762,UTA,Utah,1629730,Rayjon Tucker,,,2:29,1.0,2.0,0.5,0.0,1.0,0.0,0.0,2.0,0.0,0.0,1.0,1.0,0.0,0.0,0.0,0.0,0.0,2.0,2.0
23,0021900495,1610612762,UTA,Utah,1628430,Nigel Williams-Goss,,,2:28,0.0,0.0,0.0,0.0,0.0,0.0,0.0,0.0,0.0,1.0,1.0,2.0,2.0,1.0,0.0,1.0,0.0,0.0,3.0
24,0021900495,1610612762,UTA,Utah,202334,Ed Davis,,DNP - Coach's Decision                  ,,,,,,,,,,,,,,,,,,,,
0,0021900485,1610612762,UTA,Utah,202711,Bojan Bogdanovic,F,,34:10,6.0,16.0,0.375,2.0,5.0,0.4,3.0,4.0,0.75,1.0,4.0,5.0,3.0,2.0,0.0,2.0,2.0,17.0,27.0
1,0021900485,1610612762,UTA,Utah,1626220,Royce O'Neale,F,,34:03,4.0,5.0,0.8,3.0,3.0,1.0,0.0,0.0,0.0,1.0,9.0,10.0,1.0,1.0,1.0,1.0,3.0,11.0,11.0
2,0021900485,1610612762,UTA,Utah,203497,Rudy Gobert,C,,36:20,4.0,6.0,0.667,0.0,0.0,0.0,4.0,5.0,0.8,1.0,7.0,8.0,0.0,0.0,1.0,1.0,2.0,12.0,14.0
3,0021900485,1610612762,UTA,Utah,204060,Joe Ingles,G,,33:54,5.0,10.0,0.5,5.0,8.0,0.625,0.0,0.0,0.0,0.0,6.0,6.0,8.0,0.0,0.0,1.0,3.0,15.0,21.0
4,0021900485,1610612762,UTA,Utah,1628378,Donovan Mitchell,G,,35:49,13.0,23.0,0.565,4.0,9.0,0.444,0.0,0.0,0.0,0.0,7.0,7.0,9.0,1.0,0.0,5.0,2.0,30.0,19.0
5,0021900485,1610612762,UTA,Utah,1627777,Georges Niang,,,13:42,2.0,7.0,0.286,2.0,5.0,0.4,0.0,0.0,0.0,1.0,1.0,2.0,1.0,0.0,0.0,0.0,1.0,6.0,-11.0
6,0021900485,1610612762,UTA,Utah,1626144,Emmanuel Mudiay,,,15:43,3.0,5.0,0.6,0.0,1.0,0.0,2.0,2.0,1.0,1.0,4.0,5.0,1.0,0.0,0.0,2.0,2.0,8.0,-16.0
7,0021900485,1610612762,UTA,Utah,203903,Jordan Clarkson,,,24:39,7.0,13.0,0.538,1.0,4.0,0.25,4.0,6.0,0.667,1.0,3.0,4.0,2.0,0.0,0.0,0.0,1.0,19.0,1.0
8,0021900485,1610612762,UTA,Utah,1628396,Tony Bradley,,,11:40,1.0,1.0,1.0,0.0,0.0,0.0,0.0,0.0,0.0,0.0,0.0,0.0,0.0,0.0,0.0,0.0,4.0,2.0,-1.0
9,0021900485,1610612762,UTA,Utah,202334,Ed Davis,,DNP - Coach's Decision                  ,,,,,,,,,,,,,,,,,,,,
10,0021900485,1610612762,UTA,Utah,1629752,Juwan Morgan,,DNP - Coach's Decision                  ,,,,,,,,,,,,,,,,,,,,
11,0021900485,1610612762,UTA,Utah,1629730,Rayjon Tucker,,DNP - Coach's Decision                  ,,,,,,,,,,,,,,,,,,,,
12,0021900465,1610612762,UTA,Utah,202711,Bojan Bogdanovic,F,,36:33,5.0,15.0,0.333,1.0,7.0,0.143,5.0,5.0,1.0,0.0,4.0,4.0,1.0,1.0,0.0,3.0,1.0,16.0,12.0
13,0021900465,1610612762,UTA,Utah,1626220,Royce O'Neale,F,,31:07,3.0,4.0,0.75,2.0,3.0,0.667,0.0,0.0,0.0,0.0,7.0,7.0,4.0,0.0,0.0,1.0,2.0,8.0,20.0
14,0021900465,1610612762,UTA,Utah,203497,Rudy Gobert,C,,35:40,7.0,7.0,1.0,0.0,0.0,0.0,2.0,6.0,0.333,4.0,11.0,15.0,2.0,0.0,1.0,0.0,3.0,16.0,13.0
15,0021900465,1610612762,UTA,Utah,204060,Joe Ingles,G,,35:30,10.0,15.0,0.667,6.0,10.0,0.6,0.0,0.0,0.0,0.0,5.0,5.0,4.0,1.0,0.0,1.0,1.0,26.0,2.0
16,0021900465,1610612762,UTA,Utah,1628378,Donovan Mitchell,G,,38:25,12.0,19.0,0.632,3.0,6.0,0.5,8.0,11.0,0.727,1.0,2.0,3.0,7.0,0.0,0.0,2.0,1.0,35.0,12.0
17,0021900465,1610612762,UTA,Utah,1626144,Emmanuel Mudiay,,,15:36,2.0,4.0,0.5,0.0,1.0,0.0,0.0,0.0,0.0,0.0,1.0,1.0,4.0,0.0,0.0,1.0,1.0,4.0,-3.0
18,0021900465,1610612762,UTA,Utah,1627777,Georges Niang,,,14:03,2.0,4.0,0.5,1.0,3.0,0.333,0.0,0.0,0.0,1.0,1.0,2.0,0.0,0.0,0.0,0.0,1.0,5.0,-5.0
19,0021900465,1610612762,UTA,Utah,203903,Jordan Clarkson,,,20:46,4.0,12.0,0.333,1.0,6.0,0.167,0.0,0.0,0.0,0.0,0.0,0.0,0.0,1.0,0.0,1.0,3.0,9.0,-14.0
20,0021900465,1610612762,UTA,Utah,202334,Ed Davis,,,9:06,0.0,0.0,0.0,0.0,0.0,0.0,0.0,0.0,0.0,1.0,2.0,3.0,0.0,0.0,0.0,1.0,4.0,0.0,-2.0
21,0021900465,1610612762,UTA,Utah,1628396,Tony Bradley,,,3:14,1.0,1.0,1.0,0.0,0.0,0.0,0.0,0.0,0.0,0.0,1.0,1.0,0.0,0.0,0.0,0.0,1.0,2.0,-5.0
22,0021900465,1610612762,UTA,Utah,1629752,Juwan Morgan,,DNP - Coach's Decision                  ,,,,,,,,,,,,,,,,,,,,
23,0021900465,1610612762,UTA,Utah,1629730,Rayjon Tucker,,DNP - Coach's Decision                  ,,,,,,,,,,,,,,,,,,,,
24,0021900465,1610612762,UTA,Utah,1628430,Nigel Williams-Goss,,DNP - Coach's Decision                  ,,,,,,,,,,,,,,,,,,,,
0,0021900449,1610612762,UTA,Utah,202711,Bojan Bogdanovic,F,,29:13,4.0,14.0,0.286,2.0,7.0,0.286,9.0,10.0,0.9,1.0,3.0,4.0,3.0,0.0,0.0,1.0,5.0,19.0,1.0
1,0021900449,1610612762,UTA,Utah,1626220,Royce O'Neale,F,,35:53,2.0,7.0,0.286,1.0,5.0,0.2,0.0,0.0,0.0,0.0,6.0,6.0,1.0,0.0,1.0,1.0,2.0,5.0,6.0
2,0021900449,1610612762,UTA,Utah,203497,Rudy Gobert,C,,36:09,9.0,11.0,0.818,0.0,0.0,0.0,0.0,1.0,0.0,5.0,14.0,19.0,0.0,1.0,5.0,1.0,3.0,18.0,-3.0
3,0021900449,1610612762,UTA,Utah,204060,Joe Ingles,G,,37:45,9.0,16.0,0.563,7.0,12.0,0.583,2.0,2.0,1.0,1.0,3.0,4.0,2.0,1.0,0.0,3.0,3.0,27.0,0.0
4,0021900449,1610612762,UTA,Utah,1628378,Donovan Mitchell,G,,38:50,5.0,18.0,0.278,1.0,6.0,0.167,2.0,4.0,0.5,0.0,3.0,3.0,7.0,3.0,0.0,4.0,3.0,13.0,13.0
5,0021900449,1610612762,UTA,Utah,1626144,Emmanuel Mudiay,,,22:56,6.0,8.0,0.75,0.0,0.0,0.0,0.0,0.0,0.0,0.0,2.0,2.0,2.0,1.0,0.0,1.0,0.0,12.0,-18.0
6,0021900449,1610612762,UTA,Utah,1627777,Georges Niang,,,8:59,1.0,7.0,0.143,1.0,4.0,0.25,0.0,0.0,0.0,0.0,1.0,1.0,0.0,1.0,0.0,0.0,0.0,3.0,-6.0
7,0021900449,1610612762,UTA,Utah,201145,Jeff Green,,,18:24,3.0,8.0,0.375,0.0,2.0,0.0,1.0,1.0,1.0,0.0,1.0,1.0,2.0,2.0,0.0,0.0,1.0,7.0,-8.0
8,0021900449,1610612762,UTA,Utah,202334,Ed Davis,,,11:51,0.0,1.0,0.0,0.0,0.0,0.0,0.0,0.0,0.0,3.0,2.0,5.0,0.0,1.0,0.0,0.0,4.0,0.0,0.0
9,0021900449,1610612762,UTA,Utah,1628396,Tony Bradley,,DNP - Coach's Decision                  ,,,,,,,,,,,,,,,,,,,,
10,0021900449,1610612762,UTA,Utah,1629714,Jarrell Brantley,,DNP - Coach's Decision                  ,,,,,,,,,,,,,,,,,,,,
11,0021900449,1610612762,UTA,Utah,1629671,Miye Oni,,DNP - Coach's Decision                  ,,,,,,,,,,,,,,,,,,,,
0,0021900430,1610612762,UTA,Utah,202711,Bojan Bogdanovic,F,,36:26,7.0,12.0,0.583,4.0,9.0,0.444,8.0,8.0,1.0,0.0,3.0,3.0,3.0,0.0,0.0,4.0,3.0,26.0,14.0
1,0021900430,1610612762,UTA,Utah,1626220,Royce O'Neale,F,,35:07,4.0,8.0,0.5,2.0,5.0,0.4,1.0,2.0,0.5,0.0,4.0,4.0,4.0,2.0,0.0,0.0,4.0,11.0,14.0
2,0021900430,1610612762,UTA,Utah,203497,Rudy Gobert,C,,36:45,6.0,9.0,0.667,0.0,0.0,0.0,5.0,5.0,1.0,5.0,14.0,19.0,1.0,1.0,3.0,2.0,3.0,17.0,16.0
3,0021900430,1610612762,UTA,Utah,204060,Joe Ingles,G,,38:52,5.0,10.0,0.5,4.0,8.0,0.5,0.0,0.0,0.0,0.0,2.0,2.0,7.0,0.0,0.0,8.0,2.0,14.0,14.0
4,0021900430,1610612762,UTA,Utah,1628378,Donovan Mitchell,G,,35:13,7.0,19.0,0.368,1.0,3.0,0.333,5.0,5.0,1.0,0.0,4.0,4.0,9.0,1.0,1.0,3.0,3.0,20.0,-3.0
5,0021900430,1610612762,UTA,Utah,1626144,Emmanuel Mudiay,,,21:35,5.0,9.0,0.556,2.0,4.0,0.5,0.0,0.0,0.0,0.0,2.0,2.0,3.0,2.0,0.0,1.0,4.0,12.0,5.0
6,0021900430,1610612762,UTA,Utah,202334,Ed Davis,,,6:58,0.0,1.0,0.0,0.0,0.0,0.0,0.0,0.0,0.0,0.0,2.0,2.0,0.0,1.0,0.0,0.0,1.0,0.0,-12.0
7,0021900430,1610612762,UTA,Utah,1627777,Georges Niang,,,11:31,3.0,3.0,1.0,3.0,3.0,1.0,0.0,0.0,0.0,2.0,0.0,2.0,0.0,0.0,0.0,1.0,3.0,9.0,-10.0
8,0021900430,1610612762,UTA,Utah,201145,Jeff Green,,,14:39,2.0,4.0,0.5,1.0,2.0,0.5,0.0,0.0,0.0,1.0,2.0,3.0,0.0,0.0,0.0,0.0,0.0,5.0,-7.0
9,0021900430,1610612762,UTA,Utah,1628396,Tony Bradley,,,2:54,0.0,0.0,0.0,0.0,0.0,0.0,0.0,0.0,0.0,0.0,1.0,1.0,0.0,0.0,0.0,2.0,4.0,0.0,4.0
10,0021900430,1610612762,UTA,Utah,1629714,Jarrell Brantley,,DNP - Coach's Decision                  ,,,,,,,,,,,,,,,,,,,,
11,0021900430,1610612762,UTA,Utah,203957,Dante Exum,,DNP - Coach's Decision                  ,,,,,,,,,,,,,,,,,,,,
12,0021900430,1610612762,UTA,Utah,1629671,Miye Oni,,DNP - Coach's Decision                  ,,,,,,,,,,,,,,,,,,,,
0,0021900416,1610612762,UTA,Utah,202711,Bojan Bogdanovic,F,,37:05,6.0,16.0,0.375,1.0,6.0,0.167,6.0,7.0,0.857,1.0,8.0,9.0,2.0,0.0,0.0,4.0,1.0,19.0,16.0
1,0021900416,1610612762,UTA,Utah,1626220,Royce O'Neale,F,,29:23,2.0,4.0,0.5,0.0,1.0,0.0,1.0,1.0,1.0,0.0,7.0,7.0,2.0,3.0,1.0,1.0,4.0,5.0,15.0
2,0021900416,1610612762,UTA,Utah,203497,Rudy Gobert,C,,37:05,5.0,9.0,0.556,0.0,0.0,0.0,10.0,19.0,0.526,4.0,9.0,13.0,1.0,0.0,3.0,3.0,2.0,20.0,16.0
3,0021900416,1610612762,UTA,Utah,204060,Joe Ingles,G,,36:21,5.0,10.0,0.5,2.0,5.0,0.4,2.0,2.0,1.0,4.0,3.0,7.0,5.0,2.0,0.0,3.0,4.0,14.0,8.0
4,0021900416,1610612762,UTA,Utah,1628378,Donovan Mitchell,G,,36:07,12.0,22.0,0.545,1.0,6.0,0.167,5.0,5.0,1.0,1.0,4.0,5.0,5.0,1.0,0.0,4.0,3.0,30.0,0.0
5,0021900416,1610612762,UTA,Utah,1626144,Emmanuel Mudiay,,,18:54,3.0,9.0,0.333,2.0,4.0,0.5,2.0,2.0,1.0,1.0,3.0,4.0,1.0,0.0,1.0,0.0,0.0,10.0,4.0
6,0021900416,1610612762,UTA,Utah,201145,Jeff Green,,,15:52,3.0,7.0,0.429,0.0,1.0,0.0,1.0,2.0,0.5,1.0,2.0,3.0,1.0,0.0,0.0,0.0,0.0,7.0,-11.0
7,0021900416,1610612762,UTA,Utah,202334,Ed Davis,,,10:55,0.0,1.0,0.0,0.0,0.0,0.0,0.0,0.0,0.0,1.0,2.0,3.0,1.0,1.0,1.0,1.0,1.0,0.0,-11.0
8,0021900416,1610612762,UTA,Utah,1627777,Georges Niang,,,18:18,3.0,5.0,0.6,0.0,1.0,0.0,0.0,0.0,0.0,0.0,2.0,2.0,0.0,1.0,0.0,2.0,2.0,6.0,-12.0
9,0021900416,1610612762,UTA,Utah,1628396,Tony Bradley,,DNP - Coach's Decision                  ,,,,,,,,,,,,,,,,,,,,
10,0021900416,1610612762,UTA,Utah,1629714,Jarrell Brantley,,DNP - Coach's Decision                  ,,,,,,,,,,,,,,,,,,,,
11,0021900416,1610612762,UTA,Utah,203957,Dante Exum,,DNP - Coach's Decision                  ,,,,,,,,,,,,,,,,,,,,
12,0021900416,1610612762,UTA,Utah,1629671,Miye Oni,,DNP - Coach's Decision                  ,,,,,,,,,,,,,,,,,,,,
13,0021900405,1610612762,UTA,Utah,204060,Joe Ingles,F,,36:40,5.0,8.0,0.625,4.0,4.0,1.0,2.0,2.0,1.0,2.0,10.0,12.0,2.0,0.0,2.0,3.0,0.0,16.0,3.0
14,0021900405,1610612762,UTA,Utah,202711,Bojan Bogdanovic,F,,36:40,11.0,22.0,0.5,6.0,11.0,0.545,2.0,2.0,1.0,0.0,5.0,5.0,5.0,1.0,0.0,1.0,1.0,30.0,11.0
15,0021900405,1610612762,UTA,Utah,203497,Rudy Gobert,C,,37:28,6.0,10.0,0.6,0.0,0.0,0.0,0.0,0.0,0.0,4.0,15.0,19.0,5.0,0.0,0.0,3.0,2.0,12.0,11.0
16,0021900405,1610612762,UTA,Utah,1628378,Donovan Mitchell,G,,35:26,13.0,23.0,0.565,2.0,7.0,0.286,2.0,2.0,1.0,1.0,2.0,3.0,4.0,0.0,0.0,1.0,4.0,30.0,19.0
17,0021900405,1610612762,UTA,Utah,201144,Mike Conley,G,,19:16,2.0,8.0,0.25,0.0,4.0,0.0,3.0,3.0,1.0,0.0,0.0,0.0,6.0,1.0,0.0,1.0,3.0,7.0,-9.0
18,0021900405,1610612762,UTA,Utah,1626220,Royce O'Neale,,,34:52,4.0,8.0,0.5,3.0,6.0,0.5,0.0,1.0,0.0,0.0,6.0,6.0,1.0,1.0,1.0,3.0,4.0,11.0,9.0
19,0021900405,1610612762,UTA,Utah,1626144,Emmanuel Mudiay,,,10:46,0.0,1.0,0.0,0.0,0.0,0.0,0.0,2.0,0.0,0.0,2.0,2.0,2.0,0.0,0.0,2.0,1.0,0.0,5.0
20,0021900405,1610612762,UTA,Utah,201145,Jeff Green,,,14:45,0.0,4.0,0.0,0.0,2.0,0.0,0.0,2.0,0.0,2.0,4.0,6.0,1.0,0.0,0.0,0.0,0.0,0.0,-2.0
21,0021900405,1610612762,UTA,Utah,202334,Ed Davis,,,10:32,1.0,4.0,0.25,0.0,0.0,0.0,1.0,2.0,0.5,1.0,4.0,5.0,1.0,0.0,0.0,0.0,1.0,3.0,-4.0
22,0021900405,1610612762,UTA,Utah,1627777,Georges Niang,,,3:35,0.0,2.0,0.0,0.0,2.0,0.0,0.0,0.0,0.0,0.0,0.0,0.0,0.0,0.0,0.0,0.0,0.0,0.0,-8.0
23,0021900405,1610612762,UTA,Utah,1628396,Tony Bradley,,DNP - Coach's Decision                  ,,,,,,,,,,,,,,,,,,,,
24,0021900405,1610612762,UTA,Utah,203957,Dante Exum,,DNP - Coach's Decision                  ,,,,,,,,,,,,,,,,,,,,
25,0021900405,1610612762,UTA,Utah,1629752,Juwan Morgan,,DNP - Coach's Decision                  ,,,,,,,,,,,,,,,,,,,,
11,0021900379,1610612762,UTA,Utah,202711,Bojan Bogdanovic,F,,37:05,8.0,18.0,0.444,8.0,13.0,0.615,8.0,10.0,0.8,0.0,4.0,4.0,1.0,0.0,0.0,4.0,0.0,32.0,23.0
12,0021900379,1610612762,UTA,Utah,1626220,Royce O'Neale,F,,32:48,6.0,11.0,0.545,2.0,4.0,0.5,0.0,0.0,0.0,2.0,2.0,4.0,4.0,1.0,0.0,0.0,1.0,14.0,24.0
13,0021900379,1610612762,UTA,Utah,203497,Rudy Gobert,C,,36:24,6.0,9.0,0.667,0.0,0.0,0.0,3.0,4.0,0.75,3.0,12.0,15.0,2.0,0.0,2.0,0.0,3.0,15.0,25.0
14,0021900379,1610612762,UTA,Utah,204060,Joe Ingles,G,,33:41,5.0,9.0,0.556,1.0,3.0,0.333,2.0,2.0,1.0,1.0,3.0,4.0,8.0,1.0,0.0,3.0,5.0,13.0,24.0
15,0021900379,1610612762,UTA,Utah,1628378,Donovan Mitchell,G,,35:25,10.0,19.0,0.526,3.0,9.0,0.333,5.0,7.0,0.714,1.0,3.0,4.0,3.0,1.0,1.0,3.0,3.0,28.0,3.0
16,0021900379,1610612762,UTA,Utah,1626144,Emmanuel Mudiay,,,19:10,0.0,2.0,0.0,0.0,0.0,0.0,4.0,6.0,0.667,0.0,2.0,2.0,3.0,0.0,0.0,1.0,1.0,4.0,-7.0
17,0021900379,1610612762,UTA,Utah,201145,Jeff Green,,,16:14,1.0,8.0,0.125,1.0,6.0,0.167,2.0,2.0,1.0,0.0,1.0,1.0,0.0,0.0,0.0,1.0,2.0,5.0,-18.0
18,0021900379,1610612762,UTA,Utah,202334,Ed Davis,,,11:36,0.0,0.0,0.0,0.0,0.0,0.0,0.0,0.0,0.0,0.0,6.0,6.0,0.0,1.0,0.0,1.0,4.0,0.0,-17.0
19,0021900379,1610612762,UTA,Utah,1627777,Georges Niang,,,17:39,1.0,3.0,0.333,1.0,3.0,0.333,0.0,0.0,0.0,0.0,3.0,3.0,1.0,1.0,0.0,0.0,1.0,3.0,-17.0
20,0021900379,1610612762,UTA,Utah,203957,Dante Exum,,DNP - Coach's Decision                  ,,,,,,,,,,,,,,,,,,,,
21,0021900379,1610612762,UTA,Utah,1629752,Juwan Morgan,,DNP - Coach's Decision                  ,,,,,,,,,,,,,,,,,,,,
22,0021900379,1610612762,UTA,Utah,1629671,Miye Oni,,DNP - Coach's Decision                  ,,,,,,,,,,,,,,,,,,,,
23,0021900379,1610612762,UTA,Utah,1628430,Nigel Williams-Goss,,DNP - Coach's Decision                  ,,,,,,,,,,,,,,,,,,,,
0,0021900362,1610612762,UTA,Utah,202711,Bojan Bogdanovic,F,,34:45,4.0,14.0,0.286,2.0,8.0,0.25,4.0,4.0,1.0,0.0,3.0,3.0,3.0,0.0,0.0,6.0,2.0,14.0,-1.0
1,0021900362,1610612762,UTA,Utah,1626220,Royce O'Neale,F,,30:53,2.0,7.0,0.286,2.0,5.0,0.4,0.0,0.0,0.0,0.0,5.0,5.0,2.0,1.0,0.0,0.0,4.0,6.0,-1.0
2,0021900362,1610612762,UTA,Utah,203497,Rudy Gobert,C,,36:27,8.0,11.0,0.727,0.0,0.0,0.0,4.0,7.0,0.571,7.0,9.0,16.0,3.0,2.0,2.0,3.0,2.0,20.0,-1.0
3,0021900362,1610612762,UTA,Utah,204060,Joe Ingles,G,,36:16,9.0,14.0,0.643,3.0,6.0,0.5,2.0,2.0,1.0,1.0,4.0,5.0,5.0,1.0,0.0,2.0,3.0,23.0,2.0
4,0021900362,1610612762,UTA,Utah,1628378,Donovan Mitchell,G,,36:19,13.0,20.0,0.65,2.0,5.0,0.4,2.0,2.0,1.0,1.0,4.0,5.0,6.0,0.0,1.0,2.0,3.0,30.0,5.0
5,0021900362,1610612762,UTA,Utah,1626144,Emmanuel Mudiay,,,22:10,4.0,7.0,0.571,2.0,3.0,0.667,3.0,4.0,0.75,1.0,4.0,5.0,2.0,0.0,2.0,1.0,4.0,13.0,15.0
6,0021900362,1610612762,UTA,Utah,202334,Ed Davis,,,11:33,1.0,1.0,1.0,0.0,0.0,0.0,0.0,1.0,0.0,1.0,2.0,3.0,1.0,0.0,1.0,0.0,3.0,2.0,12.0
7,0021900362,1610612762,UTA,Utah,1627777,Georges Niang,,,14:30,3.0,3.0,1.0,3.0,3.0,1.0,0.0,0.0,0.0,0.0,2.0,2.0,0.0,0.0,1.0,0.0,0.0,9.0,12.0
8,0021900362,1610612762,UTA,Utah,201145,Jeff Green,,,17:07,3.0,6.0,0.5,2.0,5.0,0.4,2.0,2.0,1.0,0.0,1.0,1.0,1.0,0.0,0.0,1.0,1.0,10.0,12.0
9,0021900362,1610612762,UTA,Utah,1628396,Tony Bradley,,DNP - Coach's Decision                  ,,,,,,,,,,,,,,,,,,,,
10,0021900362,1610612762,UTA,Utah,203957,Dante Exum,,DNP - Coach's Decision                  ,,,,,,,,,,,,,,,,,,,,
11,0021900362,1610612762,UTA,Utah,1628430,Nigel Williams-Goss,,DNP - Coach's Decision                  ,,,,,,,,,,,,,,,,,,,,
11,0021900350,1610612762,UTA,Utah,202711,Bojan Bogdanovic,F,,31:51,4.0,17.0,0.235,3.0,7.0,0.429,2.0,3.0,0.667,0.0,5.0,5.0,0.0,1.0,0.0,1.0,2.0,13.0,-7.0
12,0021900350,1610612762,UTA,Utah,1626220,Royce O'Neale,F,,26:15,0.0,6.0,0.0,0.0,3.0,0.0,0.0,0.0,0.0,0.0,2.0,2.0,3.0,1.0,0.0,0.0,3.0,0.0,-16.0
13,0021900350,1610612762,UTA,Utah,203497,Rudy Gobert,C,,33:00,9.0,10.0,0.9,0.0,0.0,0.0,1.0,2.0,0.5,4.0,13.0,17.0,1.0,0.0,0.0,4.0,3.0,19.0,-9.0
14,0021900350,1610612762,UTA,Utah,204060,Joe Ingles,G,,34:09,3.0,7.0,0.429,3.0,6.0,0.5,0.0,0.0,0.0,0.0,4.0,4.0,8.0,3.0,0.0,4.0,2.0,9.0,-5.0
15,0021900350,1610612762,UTA,Utah,1628378,Donovan Mitchell,G,,35:16,10.0,25.0,0.4,1.0,8.0,0.125,5.0,5.0,1.0,0.0,6.0,6.0,3.0,0.0,0.0,3.0,1.0,26.0,-14.0
16,0021900350,1610612762,UTA,Utah,1626144,Emmanuel Mudiay,,,17:31,0.0,3.0,0.0,0.0,1.0,0.0,2.0,2.0,1.0,0.0,2.0,2.0,1.0,0.0,0.0,1.0,3.0,2.0,-15.0
17,0021900350,1610612762,UTA,Utah,201145,Jeff Green,,,13:32,2.0,5.0,0.4,0.0,1.0,0.0,0.0,0.0,0.0,1.0,0.0,1.0,0.0,0.0,0.0,0.0,0.0,4.0,-13.0
18,0021900350,1610612762,UTA,Utah,202334,Ed Davis,,,12:15,0.0,1.0,0.0,0.0,0.0,0.0,0.0,0.0,0.0,0.0,2.0,2.0,0.0,1.0,0.0,0.0,0.0,0.0,-11.0
19,0021900350,1610612762,UTA,Utah,1627777,Georges Niang,,,19:05,3.0,7.0,0.429,1.0,4.0,0.25,0.0,0.0,0.0,1.0,2.0,3.0,0.0,1.0,0.0,0.0,2.0,7.0,-9.0
20,0021900350,1610612762,UTA,Utah,203957,Dante Exum,,,7:42,2.0,4.0,0.5,0.0,1.0,0.0,0.0,0.0,0.0,0.0,3.0,3.0,2.0,0.0,0.0,1.0,0.0,4.0,9.0
21,0021900350,1610612762,UTA,Utah,1629752,Juwan Morgan,,,3:55,0.0,0.0,0.0,0.0,0.0,0.0,0.0,0.0,0.0,0.0,0.0,0.0,0.0,0.0,0.0,0.0,0.0,0.0,8.0
22,0021900350,1610612762,UTA,Utah,1628396,Tony Bradley,,,2:45,3.0,4.0,0.75,0.0,0.0,0.0,0.0,0.0,0.0,1.0,2.0,3.0,1.0,0.0,0.0,0.0,0.0,6.0,6.0
23,0021900350,1610612762,UTA,Utah,1628430,Nigel Williams-Goss,,,2:45,0.0,0.0,0.0,0.0,0.0,0.0,0.0,0.0,0.0,0.0,0.0,0.0,0.0,0.0,0.0,0.0,0.0,0.0,6.0
13,0021900334,1610612762,UTA,Utah,202711,Bojan Bogdanovic,F,,31:12,5.0,13.0,0.385,2.0,6.0,0.333,7.0,7.0,1.0,1.0,5.0,6.0,2.0,0.0,0.0,4.0,1.0,19.0,17.0
14,0021900334,1610612762,UTA,Utah,1626220,Royce O'Neale,F,,27:33,5.0,5.0,1.0,4.0,4.0,1.0,0.0,0.0,0.0,1.0,4.0,5.0,2.0,2.0,0.0,0.0,2.0,14.0,5.0
15,0021900334,1610612762,UTA,Utah,203497,Rudy Gobert,C,,30:39,8.0,9.0,0.889,0.0,0.0,0.0,3.0,4.0,0.75,2.0,9.0,11.0,5.0,0.0,0.0,1.0,4.0,19.0,14.0
16,0021900334,1610612762,UTA,Utah,204060,Joe Ingles,G,,27:27,4.0,9.0,0.444,2.0,5.0,0.4,2.0,2.0,1.0,0.0,1.0,1.0,10.0,4.0,0.0,3.0,3.0,12.0,23.0
17,0021900334,1610612762,UTA,Utah,1628378,Donovan Mitchell,G,,32:58,9.0,17.0,0.529,2.0,4.0,0.5,2.0,2.0,1.0,1.0,3.0,4.0,3.0,0.0,0.0,7.0,2.0,22.0,6.0
18,0021900334,1610612762,UTA,Utah,1626144,Emmanuel Mudiay,,,21:44,3.0,6.0,0.5,2.0,3.0,0.667,3.0,3.0,1.0,0.0,3.0,3.0,7.0,0.0,0.0,3.0,3.0,11.0,9.0
19,0021900334,1610612762,UTA,Utah,201145,Jeff Green,,,25:47,7.0,9.0,0.778,5.0,6.0,0.833,0.0,0.0,0.0,0.0,1.0,1.0,1.0,0.0,0.0,0.0,3.0,19.0,22.0
20,0021900334,1610612762,UTA,Utah,1627777,Georges Niang,,,16:03,2.0,5.0,0.4,2.0,5.0,0.4,0.0,0.0,0.0,0.0,1.0,1.0,1.0,0.0,0.0,2.0,3.0,6.0,-2.0
21,0021900334,1610612762,UTA,Utah,202334,Ed Davis,,,13:20,1.0,1.0,1.0,0.0,0.0,0.0,0.0,0.0,0.0,0.0,3.0,3.0,1.0,2.0,0.0,0.0,3.0,2.0,6.0
22,0021900334,1610612762,UTA,Utah,1628396,Tony Bradley,,,3:53,1.0,4.0,0.25,0.0,0.0,0.0,0.0,0.0,0.0,4.0,0.0,4.0,0.0,0.0,0.0,0.0,0.0,2.0,-9.0
23,0021900334,1610612762,UTA,Utah,203957,Dante Exum,,,3:53,0.0,2.0,0.0,0.0,1.0,0.0,0.0,0.0,0.0,0.0,0.0,0.0,0.0,0.0,0.0,1.0,1.0,0.0,-9.0
24,0021900334,1610612762,UTA,Utah,1629671,Miye Oni,,,3:53,0.0,0.0,0.0,0.0,0.0,0.0,0.0,0.0,0.0,0.0,1.0,1.0,0.0,0.0,0.0,0.0,0.0,0.0,-9.0
25,0021900334,1610612762,UTA,Utah,1629752,Juwan Morgan,,,1:38,0.0,0.0,0.0,0.0,0.0,0.0,0.0,0.0,0.0,0.0,1.0,1.0,0.0,0.0,0.0,1.0,0.0,0.0,-3.0
12,0021900314,1610612762,UTA,Utah,202711,Bojan Bogdanovic,F,,35:17,6.0,15.0,0.4,6.0,10.0,0.6,5.0,5.0,1.0,1.0,2.0,3.0,3.0,1.0,0.0,2.0,2.0,23.0,-5.0
13,0021900314,1610612762,UTA,Utah,201145,Jeff Green,F,,23:04,3.0,7.0,0.429,2.0,4.0,0.5,0.0,0.0,0.0,1.0,3.0,4.0,2.0,0.0,0.0,1.0,4.0,8.0,-12.0
14,0021900314,1610612762,UTA,Utah,203497,Rudy Gobert,C,,27:01,6.0,8.0,0.75,0.0,0.0,0.0,1.0,3.0,0.333,4.0,6.0,10.0,2.0,1.0,0.0,2.0,3.0,13.0,-8.0
15,0021900314,1610612762,UTA,Utah,204060,Joe Ingles,G,,27:38,1.0,5.0,0.2,1.0,3.0,0.333,1.0,2.0,0.5,0.0,2.0,2.0,5.0,0.0,0.0,5.0,4.0,4.0,1.0
16,0021900314,1610612762,UTA,Utah,1628378,Donovan Mitchell,G,,33:04,11.0,24.0,0.458,3.0,7.0,0.429,4.0,5.0,0.8,0.0,4.0,4.0,5.0,0.0,0.0,2.0,1.0,29.0,-18.0
17,0021900314,1610612762,UTA,Utah,1626220,Royce O'Neale,,,22:54,0.0,4.0,0.0,0.0,3.0,0.0,2.0,2.0,1.0,0.0,5.0,5.0,1.0,1.0,0.0,2.0,3.0,2.0,-18.0
18,0021900314,1610612762,UTA,Utah,1627777,Georges Niang,,,19:50,2.0,6.0,0.333,2.0,4.0,0.5,0.0,0.0,0.0,0.0,2.0,2.0,0.0,0.0,0.0,0.0,1.0,6.0,-17.0
19,0021900314,1610612762,UTA,Utah,202334,Ed Davis,,,13:15,3.0,5.0,0.6,0.0,0.0,0.0,1.0,2.0,0.5,1.0,3.0,4.0,0.0,0.0,0.0,0.0,4.0,7.0,-12.0
20,0021900314,1610612762,UTA,Utah,203957,Dante Exum,,,12:50,1.0,3.0,0.333,0.0,0.0,0.0,0.0,0.0,0.0,0.0,1.0,1.0,0.0,0.0,0.0,2.0,1.0,2.0,-4.0
21,0021900314,1610612762,UTA,Utah,1626144,Emmanuel Mudiay,,,10:10,1.0,3.0,0.333,0.0,0.0,0.0,0.0,0.0,0.0,0.0,1.0,1.0,1.0,0.0,0.0,0.0,0.0,2.0,-16.0
22,0021900314,1610612762,UTA,Utah,1628396,Tony Bradley,,,7:15,0.0,2.0,0.0,0.0,0.0,0.0,0.0,0.0,0.0,1.0,2.0,3.0,0.0,0.0,1.0,1.0,0.0,0.0,-4.0
23,0021900314,1610612762,UTA,Utah,1628430,Nigel Williams-Goss,,,3:51,0.0,1.0,0.0,0.0,0.0,0.0,0.0,0.0,0.0,0.0,0.0,0.0,1.0,0.0,1.0,0.0,0.0,0.0,-6.0
24,0021900314,1610612762,UTA,Utah,1629714,Jarrell Brantley,,,3:51,0.0,0.0,0.0,0.0,0.0,0.0,0.0,0.0,0.0,0.0,1.0,1.0,0.0,0.0,1.0,1.0,1.0,0.0,-6.0
0,0021900294,1610612762,UTA,Utah,1626220,Royce O'Neale,F,,29:31,2.0,4.0,0.5,0.0,2.0,0.0,0.0,0.0,0.0,0.0,6.0,6.0,2.0,0.0,0.0,1.0,6.0,4.0,-1.0
1,0021900294,1610612762,UTA,Utah,202711,Bojan Bogdanovic,F,,32:46,3.0,11.0,0.273,1.0,5.0,0.2,2.0,2.0,1.0,0.0,2.0,2.0,0.0,0.0,0.0,3.0,4.0,9.0,-6.0
2,0021900294,1610612762,UTA,Utah,203497,Rudy Gobert,C,,36:27,11.0,15.0,0.733,0.0,0.0,0.0,5.0,10.0,0.5,5.0,7.0,12.0,2.0,0.0,3.0,1.0,2.0,27.0,-3.0
3,0021900294,1610612762,UTA,Utah,1628378,Donovan Mitchell,G,,35:59,6.0,19.0,0.316,1.0,6.0,0.167,5.0,6.0,0.833,0.0,2.0,2.0,1.0,3.0,1.0,4.0,2.0,18.0,-8.0
4,0021900294,1610612762,UTA,Utah,201144,Mike Conley,G,,23:19,3.0,9.0,0.333,1.0,2.0,0.5,0.0,0.0,0.0,0.0,2.0,2.0,6.0,1.0,1.0,4.0,1.0,7.0,-15.0
5,0021900294,1610612762,UTA,Utah,204060,Joe Ingles,,,30:36,5.0,10.0,0.5,2.0,4.0,0.5,1.0,2.0,0.5,0.0,8.0,8.0,8.0,2.0,0.0,3.0,3.0,13.0,8.0
6,0021900294,1610612762,UTA,Utah,202334,Ed Davis,,,10:18,0.0,1.0,0.0,0.0,0.0,0.0,0.0,0.0,0.0,0.0,2.0,2.0,2.0,0.0,2.0,1.0,2.0,0.0,-10.0
7,0021900294,1610612762,UTA,Utah,201145,Jeff Green,,,16:30,3.0,6.0,0.5,0.0,3.0,0.0,0.0,0.0,0.0,0.0,2.0,2.0,0.0,0.0,0.0,1.0,2.0,6.0,-21.0
8,0021900294,1610612762,UTA,Utah,203957,Dante Exum,,,6:40,0.0,0.0,0.0,0.0,0.0,0.0,0.0,0.0,0.0,0.0,0.0,0.0,1.0,0.0,1.0,1.0,1.0,0.0,-8.0
9,0021900294,1610612762,UTA,Utah,1626144,Emmanuel Mudiay,,,4:34,1.0,2.0,0.5,0.0,0.0,0.0,0.0,0.0,0.0,0.0,1.0,1.0,0.0,0.0,0.0,0.0,0.0,2.0,3.0
10,0021900294,1610612762,UTA,Utah,1627777,Georges Niang,,,12:05,3.0,3.0,1.0,0.0,0.0,0.0,0.0,0.0,0.0,0.0,4.0,4.0,1.0,0.0,0.0,0.0,2.0,6.0,12.0
11,0021900294,1610612762,UTA,Utah,1628396,Tony Bradley,,,1:15,1.0,1.0,1.0,0.0,0.0,0.0,0.0,0.0,0.0,0.0,1.0,1.0,0.0,0.0,0.0,0.0,1.0,2.0,4.0
12,0021900294,1610612762,UTA,Utah,1628430,Nigel Williams-Goss,,DNP - Coach's Decision                  ,,,,,,,,,,,,,,,,,,,,
0,0021900291,1610612762,UTA,Utah,202711,Bojan Bogdanovic,F,,29:35,5.0,14.0,0.357,1.0,5.0,0.2,0.0,1.0,0.0,2.0,5.0,7.0,2.0,1.0,0.0,3.0,0.0,11.0,-21.0
1,0021900291,1610612762,UTA,Utah,1626220,Royce O'Neale,F,,19:24,2.0,5.0,0.4,2.0,5.0,0.4,0.0,0.0,0.0,0.0,6.0,6.0,5.0,1.0,0.0,1.0,3.0,6.0,7.0
2,0021900291,1610612762,UTA,Utah,203497,Rudy Gobert,C,,28:26,4.0,7.0,0.571,0.0,0.0,0.0,4.0,8.0,0.5,4.0,7.0,11.0,1.0,0.0,1.0,3.0,2.0,12.0,-21.0
3,0021900291,1610612762,UTA,Utah,1628378,Donovan Mitchell,G,,30:45,6.0,16.0,0.375,2.0,6.0,0.333,2.0,3.0,0.667,1.0,0.0,1.0,4.0,1.0,0.0,0.0,1.0,16.0,-24.0
4,0021900291,1610612762,UTA,Utah,201144,Mike Conley,G,,25:06,7.0,13.0,0.538,4.0,6.0,0.667,2.0,2.0,1.0,2.0,1.0,3.0,2.0,0.0,1.0,1.0,3.0,20.0,-6.0
5,0021900291,1610612762,UTA,Utah,204060,Joe Ingles,,,25:34,2.0,5.0,0.4,2.0,3.0,0.667,0.0,1.0,0.0,0.0,3.0,3.0,4.0,0.0,0.0,0.0,1.0,6.0,-20.0
6,0021900291,1610612762,UTA,Utah,1626144,Emmanuel Mudiay,,,17:03,1.0,7.0,0.143,0.0,3.0,0.0,0.0,0.0,0.0,0.0,1.0,1.0,3.0,0.0,0.0,3.0,3.0,2.0,-11.0
7,0021900291,1610612762,UTA,Utah,202334,Ed Davis,,,13:00,1.0,2.0,0.5,0.0,0.0,0.0,0.0,0.0,0.0,3.0,4.0,7.0,0.0,0.0,1.0,2.0,0.0,2.0,-1.0
8,0021900291,1610612762,UTA,Utah,201145,Jeff Green,,,14:31,6.0,11.0,0.545,1.0,5.0,0.2,6.0,6.0,1.0,1.0,2.0,3.0,0.0,2.0,0.0,1.0,2.0,19.0,-13.0
9,0021900291,1610612762,UTA,Utah,203957,Dante Exum,,,11:28,3.0,4.0,0.75,1.0,1.0,1.0,2.0,2.0,1.0,1.0,1.0,2.0,0.0,0.0,0.0,3.0,1.0,9.0,5.0
10,0021900291,1610612762,UTA,Utah,1627777,Georges Niang,,,12:00,0.0,2.0,0.0,0.0,1.0,0.0,1.0,2.0,0.5,0.0,3.0,3.0,0.0,0.0,0.0,1.0,0.0,1.0,1.0
11,0021900291,1610612762,UTA,Utah,1628396,Tony Bradley,,,6:34,1.0,2.0,0.5,0.0,0.0,0.0,2.0,2.0,1.0,0.0,2.0,2.0,0.0,0.0,0.0,0.0,1.0,4.0,2.0
12,0021900291,1610612762,UTA,Utah,1628430,Nigel Williams-Goss,,,6:34,0.0,2.0,0.0,0.0,0.0,0.0,2.0,2.0,1.0,1.0,1.0,2.0,0.0,0.0,0.0,0.0,0.0,2.0,2.0
0,0021900274,1610612762,UTA,Utah,202711,Bojan Bogdanovic,F,,34:29,12.0,20.0,0.6,4.0,8.0,0.5,5.0,6.0,0.833,1.0,7.0,8.0,2.0,1.0,0.0,2.0,2.0,33.0,18.0
1,0021900274,1610612762,UTA,Utah,1626220,Royce O'Neale,F,,33:18,4.0,8.0,0.5,2.0,4.0,0.5,0.0,0.0,0.0,1.0,5.0,6.0,4.0,1.0,0.0,1.0,3.0,10.0,14.0
2,0021900274,1610612762,UTA,Utah,203497,Rudy Gobert,C,,35:53,6.0,11.0,0.545,0.0,0.0,0.0,1.0,2.0,0.5,4.0,9.0,13.0,3.0,0.0,2.0,0.0,1.0,13.0,14.0
3,0021900274,1610612762,UTA,Utah,1628378,Donovan Mitchell,G,,37:01,7.0,22.0,0.318,3.0,7.0,0.429,3.0,4.0,0.75,0.0,5.0,5.0,3.0,3.0,0.0,1.0,2.0,20.0,17.0
4,0021900274,1610612762,UTA,Utah,201144,Mike Conley,G,,31:41,3.0,13.0,0.231,2.0,4.0,0.5,0.0,0.0,0.0,2.0,5.0,7.0,4.0,1.0,0.0,0.0,1.0,8.0,15.0
5,0021900274,1610612762,UTA,Utah,204060,Joe Ingles,,,25:41,1.0,6.0,0.167,0.0,5.0,0.0,4.0,5.0,0.8,0.0,1.0,1.0,0.0,0.0,0.0,0.0,1.0,6.0,-13.0
6,0021900274,1610612762,UTA,Utah,1626144,Emmanuel Mudiay,,,9:37,1.0,5.0,0.2,0.0,1.0,0.0,0.0,0.0,0.0,1.0,0.0,1.0,1.0,0.0,0.0,0.0,0.0,2.0,-4.0
7,0021900274,1610612762,UTA,Utah,201145,Jeff Green,,,15:50,2.0,7.0,0.286,0.0,4.0,0.0,2.0,2.0,1.0,0.0,4.0,4.0,0.0,1.0,0.0,0.0,0.0,6.0,-8.0
8,0021900274,1610612762,UTA,Utah,202334,Ed Davis,,,12:07,0.0,0.0,0.0,0.0,0.0,0.0,0.0,0.0,0.0,1.0,4.0,5.0,1.0,1.0,0.0,1.0,5.0,0.0,-5.0
9,0021900274,1610612762,UTA,Utah,203957,Dante Exum,,,4:23,2.0,3.0,0.667,1.0,2.0,0.5,0.0,0.0,0.0,1.0,1.0,2.0,0.0,0.0,0.0,0.0,0.0,5.0,-3.0
10,0021900274,1610612762,UTA,Utah,1628396,Tony Bradley,,DNP - Coach's Decision                  ,,,,,,,,,,,,,,,,,,,,
11,0021900274,1610612762,UTA,Utah,1627777,Georges Niang,,DNP - Coach's Decision                  ,,,,,,,,,,,,,,,,,,,,
12,0021900274,1610612762,UTA,Utah,1629671,Miye Oni,,DNP - Coach's Decision                  ,,,,,,,,,,,,,,,,,,,,
0,0021900256,1610612762,UTA,Utah,202711,Bojan Bogdanovic,F,,37:47,8.0,13.0,0.615,4.0,7.0,0.571,10.0,11.0,0.909,1.0,4.0,5.0,2.0,1.0,0.0,6.0,1.0,30.0,-22.0
1,0021900256,1610612762,UTA,Utah,1626220,Royce O'Neale,F,,26:45,0.0,4.0,0.0,0.0,3.0,0.0,0.0,0.0,0.0,0.0,1.0,1.0,2.0,0.0,0.0,0.0,3.0,0.0,-6.0
2,0021900256,1610612762,UTA,Utah,203497,Rudy Gobert,C,,30:18,5.0,9.0,0.556,0.0,0.0,0.0,4.0,6.0,0.667,5.0,8.0,13.0,0.0,1.0,1.0,2.0,5.0,14.0,-13.0
3,0021900256,1610612762,UTA,Utah,1628378,Donovan Mitchell,G,,30:36,10.0,23.0,0.435,2.0,7.0,0.286,4.0,4.0,1.0,0.0,0.0,0.0,1.0,1.0,1.0,0.0,3.0,26.0,-12.0
4,0021900256,1610612762,UTA,Utah,201144,Mike Conley,G,,28:03,2.0,8.0,0.25,1.0,3.0,0.333,0.0,0.0,0.0,2.0,4.0,6.0,5.0,0.0,0.0,2.0,2.0,5.0,-18.0
5,0021900256,1610612762,UTA,Utah,204060,Joe Ingles,,,28:07,5.0,9.0,0.556,2.0,6.0,0.333,0.0,0.0,0.0,0.0,2.0,2.0,2.0,4.0,0.0,1.0,2.0,12.0,-16.0
6,0021900256,1610612762,UTA,Utah,1626144,Emmanuel Mudiay,,,13:17,1.0,6.0,0.167,0.0,1.0,0.0,0.0,0.0,0.0,0.0,2.0,2.0,3.0,0.0,0.0,0.0,1.0,2.0,-1.0
7,0021900256,1610612762,UTA,Utah,201145,Jeff Green,,,15:13,2.0,6.0,0.333,0.0,2.0,0.0,2.0,4.0,0.5,2.0,4.0,6.0,1.0,0.0,0.0,0.0,1.0,6.0,-9.0
8,0021900256,1610612762,UTA,Utah,1627777,Georges Niang,,,15:37,2.0,4.0,0.5,1.0,3.0,0.333,0.0,0.0,0.0,0.0,2.0,2.0,1.0,0.0,0.0,3.0,2.0,5.0,0.0
9,0021900256,1610612762,UTA,Utah,1628396,Tony Bradley,,,5:23,1.0,1.0,1.0,0.0,0.0,0.0,0.0,0.0,0.0,0.0,0.0,0.0,0.0,0.0,0.0,0.0,0.0,2.0,5.0
10,0021900256,1610612762,UTA,Utah,203957,Dante Exum,,,2:58,0.0,0.0,0.0,0.0,0.0,0.0,0.0,0.0,0.0,0.0,2.0,2.0,2.0,0.0,0.0,1.0,0.0,0.0,-1.0
11,0021900256,1610612762,UTA,Utah,1629671,Miye Oni,,,2:58,0.0,0.0,0.0,0.0,0.0,0.0,0.0,0.0,0.0,0.0,0.0,0.0,0.0,0.0,0.0,1.0,0.0,0.0,-1.0
12,0021900256,1610612762,UTA,Utah,1629752,Juwan Morgan,,,2:58,0.0,0.0,0.0,0.0,0.0,0.0,0.0,0.0,0.0,0.0,1.0,1.0,0.0,0.0,0.0,0.0,1.0,0.0,-1.0
0,0021900248,1610612762,UTA,Utah,202711,Bojan Bogdanovic,F,,34:23,9.0,15.0,0.6,5.0,8.0,0.625,1.0,1.0,1.0,0.0,3.0,3.0,3.0,1.0,0.0,1.0,1.0,24.0,-8.0
1,0021900248,1610612762,UTA,Utah,1626220,Royce O'Neale,F,,30:18,3.0,6.0,0.5,3.0,6.0,0.5,0.0,0.0,0.0,0.0,6.0,6.0,1.0,0.0,2.0,1.0,3.0,9.0,-6.0
2,0021900248,1610612762,UTA,Utah,1628396,Tony Bradley,C,,23:26,3.0,4.0,0.75,0.0,0.0,0.0,2.0,2.0,1.0,3.0,8.0,11.0,2.0,0.0,3.0,0.0,5.0,8.0,-6.0
3,0021900248,1610612762,UTA,Utah,1628378,Donovan Mitchell,G,,34:09,7.0,17.0,0.412,3.0,9.0,0.333,3.0,3.0,1.0,0.0,1.0,1.0,3.0,2.0,0.0,5.0,3.0,20.0,2.0
4,0021900248,1610612762,UTA,Utah,201144,Mike Conley,G,,28:50,2.0,10.0,0.2,0.0,3.0,0.0,2.0,2.0,1.0,0.0,2.0,2.0,9.0,0.0,0.0,3.0,2.0,6.0,-9.0
5,0021900248,1610612762,UTA,Utah,204060,Joe Ingles,,,27:10,5.0,10.0,0.5,3.0,7.0,0.429,2.0,2.0,1.0,0.0,5.0,5.0,4.0,1.0,0.0,0.0,1.0,15.0,-10.0
6,0021900248,1610612762,UTA,Utah,1626144,Emmanuel Mudiay,,,19:10,5.0,6.0,0.833,1.0,1.0,1.0,1.0,2.0,0.5,0.0,5.0,5.0,5.0,0.0,0.0,4.0,5.0,12.0,5.0
7,0021900248,1610612762,UTA,Utah,1627777,Georges Niang,,,17:27,5.0,11.0,0.455,3.0,6.0,0.5,0.0,0.0,0.0,1.0,4.0,5.0,2.0,0.0,0.0,0.0,2.0,13.0,12.0
8,0021900248,1610612762,UTA,Utah,201145,Jeff Green,,,25:07,4.0,6.0,0.667,3.0,5.0,0.6,0.0,0.0,0.0,0.0,2.0,2.0,0.0,0.0,1.0,2.0,1.0,11.0,0.0
9,0021900248,1610612762,UTA,Utah,203957,Dante Exum,,DNP - Coach's Decision                  ,,,,,,,,,,,,,,,,,,,,
10,0021900248,1610612762,UTA,Utah,1629752,Juwan Morgan,,DNP - Coach's Decision                  ,,,,,,,,,,,,,,,,,,,,
11,0021900248,1610612762,UTA,Utah,1629671,Miye Oni,,DNP - Coach's Decision                  ,,,,,,,,,,,,,,,,,,,,
12,0021900234,1610612762,UTA,Utah,202711,Bojan Bogdanovic,F,,36:29,10.0,17.0,0.588,3.0,7.0,0.429,5.0,7.0,0.714,2.0,3.0,5.0,5.0,0.0,0.0,3.0,2.0,28.0,10.0
13,0021900234,1610612762,UTA,Utah,1626220,Royce O'Neale,F,,35:36,1.0,1.0,1.0,1.0,1.0,1.0,2.0,2.0,1.0,0.0,3.0,3.0,6.0,1.0,0.0,1.0,4.0,5.0,18.0
14,0021900234,1610612762,UTA,Utah,1628396,Tony Bradley,C,,21:45,7.0,8.0,0.875,0.0,0.0,0.0,0.0,0.0,0.0,2.0,7.0,9.0,0.0,0.0,1.0,2.0,5.0,14.0,1.0
15,0021900234,1610612762,UTA,Utah,1628378,Donovan Mitchell,G,,36:14,12.0,26.0,0.462,6.0,13.0,0.462,7.0,7.0,1.0,0.0,7.0,7.0,5.0,0.0,0.0,3.0,0.0,37.0,2.0
16,0021900234,1610612762,UTA,Utah,201144,Mike Conley,G,,29:57,2.0,9.0,0.222,1.0,4.0,0.25,6.0,7.0,0.857,1.0,3.0,4.0,5.0,1.0,0.0,1.0,3.0,11.0,4.0
17,0021900234,1610612762,UTA,Utah,204060,Joe Ingles,,,24:56,1.0,6.0,0.167,1.0,5.0,0.2,0.0,0.0,0.0,0.0,8.0,8.0,3.0,0.0,0.0,3.0,3.0,3.0,-7.0
18,0021900234,1610612762,UTA,Utah,1626144,Emmanuel Mudiay,,,15:28,4.0,6.0,0.667,1.0,3.0,0.333,1.0,2.0,0.5,1.0,5.0,6.0,1.0,0.0,0.0,1.0,1.0,10.0,9.0
19,0021900234,1610612762,UTA,Utah,201145,Jeff Green,,,26:15,3.0,5.0,0.6,1.0,2.0,0.5,8.0,8.0,1.0,0.0,4.0,4.0,3.0,0.0,1.0,2.0,2.0,15.0,7.0
20,0021900234,1610612762,UTA,Utah,1627777,Georges Niang,,,8:18,2.0,3.0,0.667,1.0,1.0,1.0,0.0,0.0,0.0,0.0,1.0,1.0,0.0,0.0,2.0,0.0,0.0,5.0,-11.0
21,0021900234,1610612762,UTA,Utah,203957,Dante Exum,,,5:02,0.0,1.0,0.0,0.0,0.0,0.0,0.0,0.0,0.0,1.0,1.0,2.0,1.0,0.0,0.0,1.0,1.0,0.0,7.0
22,0021900234,1610612762,UTA,Utah,203497,Rudy Gobert,,DNP - Injury/Illness                    ,,,,,,,,,,,,,,,,,,,,
23,0021900234,1610612762,UTA,Utah,1629752,Juwan Morgan,,DNP - Coach's Decision                  ,,,,,,,,,,,,,,,,,,,,
24,0021900234,1610612762,UTA,Utah,1629671,Miye Oni,,DNP - Coach's Decision                  ,,,,,,,,,,,,,,,,,,,,
11,0021900223,1610612762,UTA,Utah,202711,Bojan Bogdanovic,F,,34:33,7.0,16.0,0.438,3.0,7.0,0.429,0.0,0.0,0.0,2.0,3.0,5.0,3.0,1.0,0.0,4.0,0.0,17.0,1.0
12,0021900223,1610612762,UTA,Utah,1626220,Royce O'Neale,F,,31:32,2.0,4.0,0.5,2.0,4.0,0.5,0.0,0.0,0.0,0.0,3.0,3.0,5.0,0.0,0.0,2.0,2.0,6.0,1.0
13,0021900223,1610612762,UTA,Utah,203497,Rudy Gobert,C,,34:33,3.0,8.0,0.375,0.0,0.0,0.0,2.0,2.0,1.0,5.0,14.0,19.0,1.0,1.0,7.0,3.0,2.0,8.0,1.0
14,0021900223,1610612762,UTA,Utah,1628378,Donovan Mitchell,G,,34:59,12.0,24.0,0.5,3.0,9.0,0.333,3.0,4.0,0.75,1.0,3.0,4.0,4.0,1.0,0.0,0.0,3.0,30.0,1.0
15,0021900223,1610612762,UTA,Utah,201144,Mike Conley,G,,30:52,9.0,14.0,0.643,4.0,5.0,0.8,5.0,6.0,0.833,0.0,4.0,4.0,4.0,1.0,0.0,1.0,1.0,27.0,-3.0
16,0021900223,1610612762,UTA,Utah,204060,Joe Ingles,,,27:26,1.0,3.0,0.333,1.0,2.0,0.5,0.0,0.0,0.0,0.0,5.0,5.0,3.0,0.0,0.0,3.0,2.0,3.0,5.0
17,0021900223,1610612762,UTA,Utah,1626144,Emmanuel Mudiay,,,15:29,5.0,6.0,0.833,1.0,1.0,1.0,0.0,0.0,0.0,0.0,2.0,2.0,1.0,0.0,0.0,3.0,2.0,11.0,3.0
18,0021900223,1610612762,UTA,Utah,203957,Dante Exum,,,6:29,1.0,1.0,1.0,0.0,0.0,0.0,0.0,0.0,0.0,0.0,0.0,0.0,1.0,0.0,0.0,0.0,0.0,2.0,3.0
19,0021900223,1610612762,UTA,Utah,201145,Jeff Green,,,17:09,2.0,8.0,0.25,0.0,4.0,0.0,3.0,4.0,0.75,0.0,5.0,5.0,0.0,0.0,2.0,0.0,1.0,7.0,8.0
20,0021900223,1610612762,UTA,Utah,1628396,Tony Bradley,,,6:58,1.0,1.0,1.0,0.0,0.0,0.0,0.0,0.0,0.0,0.0,1.0,1.0,1.0,0.0,1.0,1.0,1.0,2.0,0.0
21,0021900223,1610612762,UTA,Utah,1629752,Juwan Morgan,,DNP - Coach's Decision                  ,,,,,,,,,,,,,,,,,,,,
22,0021900223,1610612762,UTA,Utah,1627777,Georges Niang,,DNP - Coach's Decision                  ,,,,,,,,,,,,,,,,,,,,
23,0021900223,1610612762,UTA,Utah,1629671,Miye Oni,,DNP - Coach's Decision                  ,,,,,,,,,,,,,,,,,,,,
0,0021900210,1610612762,UTA,Utah,202711,Bojan Bogdanovic,F,,36:06,9.0,18.0,0.5,6.0,11.0,0.545,6.0,7.0,0.857,2.0,2.0,4.0,3.0,1.0,0.0,3.0,0.0,30.0,38.0
1,0021900210,1610612762,UTA,Utah,1626220,Royce O'Neale,F,,29:18,1.0,3.0,0.333,1.0,1.0,1.0,0.0,2.0,0.0,0.0,6.0,6.0,3.0,2.0,0.0,0.0,3.0,3.0,36.0
2,0021900210,1610612762,UTA,Utah,203497,Rudy Gobert,C,,35:20,5.0,8.0,0.625,0.0,0.0,0.0,2.0,3.0,0.667,3.0,12.0,15.0,1.0,0.0,5.0,3.0,3.0,12.0,9.0
3,0021900210,1610612762,UTA,Utah,1628378,Donovan Mitchell,G,,37:37,9.0,24.0,0.375,5.0,10.0,0.5,3.0,3.0,1.0,2.0,5.0,7.0,2.0,0.0,1.0,2.0,2.0,26.0,-11.0
4,0021900210,1610612762,UTA,Utah,201144,Mike Conley,G,,30:51,6.0,12.0,0.5,2.0,4.0,0.5,2.0,2.0,1.0,1.0,5.0,6.0,8.0,1.0,0.0,0.0,2.0,16.0,28.0
5,0021900210,1610612762,UTA,Utah,204060,Joe Ingles,,,27:13,1.0,4.0,0.25,0.0,2.0,0.0,1.0,2.0,0.5,2.0,2.0,4.0,4.0,2.0,0.0,1.0,2.0,3.0,-13.0
6,0021900210,1610612762,UTA,Utah,201145,Jeff Green,,,15:27,3.0,8.0,0.375,0.0,3.0,0.0,4.0,6.0,0.667,1.0,2.0,3.0,1.0,0.0,0.0,1.0,3.0,10.0,3.0
7,0021900210,1610612762,UTA,Utah,1626144,Emmanuel Mudiay,,,15:35,1.0,7.0,0.143,0.0,1.0,0.0,0.0,0.0,0.0,2.0,3.0,5.0,0.0,1.0,0.0,1.0,3.0,2.0,-24.0
8,0021900210,1610612762,UTA,Utah,203957,Dante Exum,,,7:54,0.0,1.0,0.0,0.0,1.0,0.0,0.0,0.0,0.0,0.0,0.0,0.0,0.0,0.0,0.0,0.0,2.0,0.0,-16.0
9,0021900210,1610612762,UTA,Utah,1627777,Georges Niang,,,4:39,0.0,1.0,0.0,0.0,0.0,0.0,1.0,2.0,0.5,0.0,1.0,1.0,0.0,0.0,0.0,0.0,1.0,1.0,-10.0
10,0021900210,1610612762,UTA,Utah,1628396,Tony Bradley,,DNP - Coach's Decision                  ,,,,,,,,,,,,,,,,,,,,
11,0021900210,1610612762,UTA,Utah,1629742,Stanton Kidd,,DNP - Coach's Decision                  ,,,,,,,,,,,,,,,,,,,,
12,0021900210,1610612762,UTA,Utah,1629625,Justin Wright-Foreman,,DNP - Coach's Decision                  ,,,,,,,,,,,,,,,,,,,,
13,0021900196,1610612762,UTA,Utah,202711,Bojan Bogdanovic,F,,30:58,7.0,17.0,0.412,3.0,7.0,0.429,1.0,1.0,1.0,1.0,5.0,6.0,2.0,0.0,0.0,2.0,6.0,18.0,-6.0
14,0021900196,1610612762,UTA,Utah,1626220,Royce O'Neale,F,,25:21,3.0,5.0,0.6,1.0,2.0,0.5,0.0,0.0,0.0,0.0,7.0,7.0,2.0,2.0,0.0,0.0,1.0,7.0,5.0
15,0021900196,1610612762,UTA,Utah,203497,Rudy Gobert,C,,36:12,5.0,8.0,0.625,0.0,0.0,0.0,6.0,7.0,0.857,5.0,9.0,14.0,1.0,1.0,1.0,2.0,5.0,16.0,-10.0
16,0021900196,1610612762,UTA,Utah,1628378,Donovan Mitchell,G,,33:50,5.0,23.0,0.217,2.0,6.0,0.333,5.0,7.0,0.714,2.0,5.0,7.0,2.0,0.0,1.0,2.0,2.0,17.0,-10.0
17,0021900196,1610612762,UTA,Utah,201144,Mike Conley,G,,34:07,6.0,15.0,0.4,1.0,4.0,0.25,2.0,3.0,0.667,1.0,5.0,6.0,6.0,0.0,0.0,1.0,3.0,15.0,-6.0
18,0021900196,1610612762,UTA,Utah,204060,Joe Ingles,,,33:37,4.0,12.0,0.333,3.0,7.0,0.429,1.0,2.0,0.5,1.0,7.0,8.0,5.0,0.0,0.0,2.0,1.0,12.0,-11.0
19,0021900196,1610612762,UTA,Utah,203957,Dante Exum,,,14:01,1.0,4.0,0.25,0.0,0.0,0.0,0.0,0.0,0.0,0.0,0.0,0.0,0.0,1.0,1.0,0.0,1.0,2.0,1.0
20,0021900196,1610612762,UTA,Utah,201145,Jeff Green,,,17:52,2.0,8.0,0.25,2.0,4.0,0.5,5.0,6.0,0.833,1.0,3.0,4.0,1.0,0.0,1.0,3.0,3.0,11.0,-9.0
21,0021900196,1610612762,UTA,Utah,1626144,Emmanuel Mudiay,,,14:02,2.0,4.0,0.5,0.0,1.0,0.0,0.0,0.0,0.0,1.0,0.0,1.0,1.0,1.0,1.0,2.0,1.0,4.0,-4.0
22,0021900196,1610612762,UTA,Utah,1628396,Tony Bradley,,DNP - Coach's Decision                  ,,,,,,,,,,,,,,,,,,,,
23,0021900196,1610612762,UTA,Utah,1629742,Stanton Kidd,,DNP - Coach's Decision                  ,,,,,,,,,,,,,,,,,,,,
24,0021900196,1610612762,UTA,Utah,1627777,Georges Niang,,DNP - Coach's Decision                  ,,,,,,,,,,,,,,,,,,,,
25,0021900196,1610612762,UTA,Utah,1628430,Nigel Williams-Goss,,DNP - Coach's Decision                  ,,,,,,,,,,,,,,,,,,,,
0,0021900170,1610612762,UTA,Utah,202711,Bojan Bogdanovic,F,,34:48,6.0,15.0,0.4,3.0,7.0,0.429,5.0,6.0,0.833,1.0,0.0,1.0,0.0,0.0,0.0,1.0,1.0,20.0,7.0
1,0021900170,1610612762,UTA,Utah,1626220,Royce O'Neale,F,,34:48,1.0,5.0,0.2,1.0,4.0,0.25,2.0,2.0,1.0,0.0,8.0,8.0,3.0,1.0,0.0,0.0,4.0,5.0,2.0
2,0021900170,1610612762,UTA,Utah,203497,Rudy Gobert,C,,36:29,9.0,11.0,0.818,0.0,0.0,0.0,5.0,7.0,0.714,7.0,10.0,17.0,1.0,0.0,5.0,3.0,1.0,23.0,10.0
3,0021900170,1610612762,UTA,Utah,1628378,Donovan Mitchell,G,,36:01,9.0,21.0,0.429,1.0,8.0,0.125,10.0,10.0,1.0,0.0,9.0,9.0,5.0,2.0,1.0,2.0,3.0,29.0,-6.0
4,0021900170,1610612762,UTA,Utah,201144,Mike Conley,G,,35:01,5.0,19.0,0.263,2.0,8.0,0.25,3.0,5.0,0.6,1.0,3.0,4.0,3.0,1.0,0.0,1.0,1.0,15.0,7.0
5,0021900170,1610612762,UTA,Utah,201145,Jeff Green,,,20:36,0.0,5.0,0.0,0.0,2.0,0.0,2.0,2.0,1.0,0.0,1.0,1.0,1.0,1.0,0.0,2.0,1.0,2.0,-10.0
6,0021900170,1610612762,UTA,Utah,1626144,Emmanuel Mudiay,,,12:59,3.0,4.0,0.75,1.0,2.0,0.5,0.0,0.0,0.0,0.0,1.0,1.0,2.0,0.0,0.0,3.0,1.0,7.0,-8.0
7,0021900170,1610612762,UTA,Utah,204060,Joe Ingles,,,17:47,2.0,4.0,0.5,1.0,3.0,0.333,0.0,0.0,0.0,0.0,2.0,2.0,2.0,0.0,0.0,1.0,2.0,5.0,4.0
8,0021900170,1610612762,UTA,Utah,1628396,Tony Bradley,,,11:31,0.0,3.0,0.0,0.0,0.0,0.0,0.0,0.0,0.0,0.0,2.0,2.0,0.0,0.0,0.0,1.0,2.0,0.0,-11.0
9,0021900170,1610612762,UTA,Utah,203957,Dante Exum,,DNP - Coach's Decision                  ,,,,,,,,,,,,,,,,,,,,
10,0021900170,1610612762,UTA,Utah,1629742,Stanton Kidd,,DNP - Coach's Decision                  ,,,,,,,,,,,,,,,,,,,,
11,0021900170,1610612762,UTA,Utah,1627777,Georges Niang,,DNP - Coach's Decision                  ,,,,,,,,,,,,,,,,,,,,
12,0021900170,1610612762,UTA,Utah,1628430,Nigel Williams-Goss,,DNP - Coach's Decision                  ,,,,,,,,,,,,,,,,,,,,
13,0021900152,1610612762,UTA,Utah,202711,Bojan Bogdanovic,F,,30:03,5.0,13.0,0.385,1.0,3.0,0.333,1.0,2.0,0.5,1.0,3.0,4.0,1.0,1.0,0.0,0.0,2.0,12.0,-3.0
14,0021900152,1610612762,UTA,Utah,1626220,Royce O'Neale,F,,22:10,2.0,3.0,0.667,2.0,3.0,0.667,2.0,2.0,1.0,0.0,1.0,1.0,2.0,1.0,0.0,2.0,3.0,8.0,1.0
15,0021900152,1610612762,UTA,Utah,203497,Rudy Gobert,C,,37:33,8.0,10.0,0.8,0.0,0.0,0.0,2.0,4.0,0.5,4.0,11.0,15.0,2.0,2.0,2.0,2.0,2.0,18.0,0.0
16,0021900152,1610612762,UTA,Utah,1628378,Donovan Mitchell,G,,37:44,13.0,26.0,0.5,0.0,5.0,0.0,4.0,4.0,1.0,3.0,3.0,6.0,2.0,1.0,0.0,2.0,1.0,30.0,16.0
17,0021900152,1610612762,UTA,Utah,201144,Mike Conley,G,,30:03,6.0,15.0,0.4,0.0,5.0,0.0,6.0,9.0,0.667,0.0,4.0,4.0,5.0,0.0,0.0,2.0,1.0,18.0,-3.0
18,0021900152,1610612762,UTA,Utah,204060,Joe Ingles,,,32:13,0.0,6.0,0.0,0.0,4.0,0.0,3.0,4.0,0.75,0.0,5.0,5.0,2.0,0.0,1.0,1.0,3.0,3.0,4.0
19,0021900152,1610612762,UTA,Utah,1626144,Emmanuel Mudiay,,,17:57,4.0,8.0,0.5,0.0,1.0,0.0,7.0,8.0,0.875,0.0,3.0,3.0,2.0,1.0,0.0,0.0,1.0,15.0,8.0
20,0021900152,1610612762,UTA,Utah,201145,Jeff Green,,,21:50,4.0,9.0,0.444,3.0,5.0,0.6,2.0,2.0,1.0,1.0,3.0,4.0,0.0,1.0,1.0,2.0,2.0,13.0,-3.0
21,0021900152,1610612762,UTA,Utah,1628396,Tony Bradley,,,10:27,1.0,2.0,0.5,0.0,0.0,0.0,0.0,0.0,0.0,2.0,2.0,4.0,0.0,0.0,0.0,0.0,3.0,2.0,5.0
22,0021900152,1610612762,UTA,Utah,1629742,Stanton Kidd,,DNP - Coach's Decision                  ,,,,,,,,,,,,,,,,,,,,
23,0021900152,1610612762,UTA,Utah,1627777,Georges Niang,,DNP - Coach's Decision                  ,,,,,,,,,,,,,,,,,,,,
24,0021900152,1610612762,UTA,Utah,1629671,Miye Oni,,DNP - Coach's Decision                  ,,,,,,,,,,,,,,,,,,,,
25,0021900152,1610612762,UTA,Utah,1628430,Nigel Williams-Goss,,DNP - Coach's Decision                  ,,,,,,,,,,,,,,,,,,,,
0,0021900144,1610612762,UTA,Utah,202711,Bojan Bogdanovic,F,,30:24,4.0,15.0,0.267,2.0,6.0,0.333,2.0,2.0,1.0,0.0,2.0,2.0,2.0,1.0,0.0,4.0,1.0,12.0,15.0
1,0021900144,1610612762,UTA,Utah,1626220,Royce O'Neale,F,,27:37,0.0,1.0,0.0,0.0,0.0,0.0,2.0,2.0,1.0,0.0,4.0,4.0,4.0,0.0,0.0,1.0,2.0,2.0,13.0
2,0021900144,1610612762,UTA,Utah,203497,Rudy Gobert,C,,34:30,11.0,12.0,0.917,0.0,0.0,0.0,3.0,9.0,0.333,2.0,12.0,14.0,1.0,1.0,2.0,0.0,3.0,25.0,15.0
3,0021900144,1610612762,UTA,Utah,1628378,Donovan Mitchell,G,,33:01,7.0,17.0,0.412,5.0,9.0,0.556,4.0,4.0,1.0,0.0,8.0,8.0,6.0,0.0,0.0,2.0,1.0,23.0,17.0
4,0021900144,1610612762,UTA,Utah,201144,Mike Conley,G,,31:13,6.0,11.0,0.545,5.0,8.0,0.625,5.0,5.0,1.0,1.0,0.0,1.0,7.0,0.0,0.0,0.0,1.0,22.0,15.0
5,0021900144,1610612762,UTA,Utah,204060,Joe Ingles,,,27:00,3.0,8.0,0.375,1.0,5.0,0.2,4.0,4.0,1.0,0.0,3.0,3.0,7.0,1.0,0.0,2.0,1.0,11.0,-3.0
6,0021900144,1610612762,UTA,Utah,1626144,Emmanuel Mudiay,,,14:56,4.0,5.0,0.8,1.0,1.0,1.0,2.0,2.0,1.0,0.0,4.0,4.0,1.0,0.0,0.0,2.0,2.0,11.0,2.0
7,0021900144,1610612762,UTA,Utah,201145,Jeff Green,,,20:45,4.0,8.0,0.5,2.0,6.0,0.333,2.0,2.0,1.0,0.0,3.0,3.0,1.0,0.0,1.0,1.0,2.0,12.0,8.0
8,0021900144,1610612762,UTA,Utah,1628396,Tony Bradley,,,13:30,1.0,3.0,0.333,0.0,0.0,0.0,2.0,2.0,1.0,2.0,1.0,3.0,0.0,0.0,0.0,0.0,2.0,4.0,-1.0
9,0021900144,1610612762,UTA,Utah,1629742,Stanton Kidd,,,1:51,0.0,0.0,0.0,0.0,0.0,0.0,0.0,0.0,0.0,0.0,1.0,1.0,0.0,0.0,0.0,0.0,1.0,0.0,-3.0
10,0021900144,1610612762,UTA,Utah,1627777,Georges Niang,,,1:51,0.0,0.0,0.0,0.0,0.0,0.0,0.0,0.0,0.0,0.0,0.0,0.0,1.0,0.0,0.0,0.0,0.0,0.0,-3.0
11,0021900144,1610612762,UTA,Utah,1628430,Nigel Williams-Goss,,,1:51,0.0,1.0,0.0,0.0,0.0,0.0,0.0,0.0,0.0,0.0,0.0,0.0,0.0,0.0,0.0,0.0,0.0,0.0,-3.0
12,0021900144,1610612762,UTA,Utah,1629671,Miye Oni,,,1:31,0.0,0.0,0.0,0.0,0.0,0.0,0.0,0.0,0.0,0.0,0.0,0.0,0.0,0.0,0.0,0.0,0.0,0.0,-2.0
13,0021900124,1610612762,UTA,Utah,202711,Bojan Bogdanovic,F,,37:33,9.0,19.0,0.474,5.0,10.0,0.5,10.0,10.0,1.0,0.0,5.0,5.0,0.0,0.0,0.0,3.0,1.0,33.0,3.0
14,0021900124,1610612762,UTA,Utah,1626220,Royce O'Neale,F,,36:58,4.0,6.0,0.667,3.0,4.0,0.75,0.0,0.0,0.0,0.0,11.0,11.0,2.0,1.0,0.0,0.0,4.0,11.0,-4.0
15,0021900124,1610612762,UTA,Utah,203497,Rudy Gobert,C,,36:31,1.0,2.0,0.5,0.0,0.0,0.0,6.0,10.0,0.6,3.0,14.0,17.0,0.0,0.0,1.0,3.0,5.0,8.0,4.0
16,0021900124,1610612762,UTA,Utah,1628378,Donovan Mitchell,G,,38:19,8.0,22.0,0.364,2.0,4.0,0.5,1.0,1.0,1.0,1.0,4.0,5.0,6.0,1.0,0.0,8.0,3.0,19.0,-5.0
17,0021900124,1610612762,UTA,Utah,201144,Mike Conley,G,,31:42,7.0,15.0,0.467,5.0,9.0,0.556,1.0,2.0,0.5,1.0,2.0,3.0,3.0,0.0,0.0,2.0,4.0,20.0,-1.0
18,0021900124,1610612762,UTA,Utah,204060,Joe Ingles,,,20:47,0.0,5.0,0.0,0.0,3.0,0.0,1.0,2.0,0.5,0.0,5.0,5.0,3.0,0.0,0.0,2.0,3.0,1.0,10.0
19,0021900124,1610612762,UTA,Utah,201145,Jeff Green,,,15:00,1.0,6.0,0.167,0.0,4.0,0.0,0.0,0.0,0.0,2.0,0.0,2.0,0.0,0.0,0.0,1.0,3.0,2.0,9.0
20,0021900124,1610612762,UTA,Utah,1627777,Georges Niang,,,11:41,1.0,3.0,0.333,0.0,2.0,0.0,0.0,0.0,0.0,0.0,0.0,0.0,0.0,0.0,0.0,0.0,2.0,2.0,0.0
21,0021900124,1610612762,UTA,Utah,1628396,Tony Bradley,,,11:29,3.0,6.0,0.5,0.0,0.0,0.0,1.0,4.0,0.25,4.0,4.0,8.0,1.0,1.0,0.0,1.0,2.0,7.0,-1.0
22,0021900124,1610612762,UTA,Utah,1629714,Jarrell Brantley,,DNP - Coach's Decision                  ,,,,,,,,,,,,,,,,,,,,
23,0021900124,1610612762,UTA,Utah,1629742,Stanton Kidd,,DNP - Coach's Decision                  ,,,,,,,,,,,,,,,,,,,,
24,0021900124,1610612762,UTA,Utah,1629671,Miye Oni,,DNP - Coach's Decision                  ,,,,,,,,,,,,,,,,,,,,
25,0021900124,1610612762,UTA,Utah,1628430,Nigel Williams-Goss,,DNP - Coach's Decision                  ,,,,,,,,,,,,,,,,,,,,
13,0021900110,1610612762,UTA,Utah,202711,Bojan Bogdanovic,F,,35:27,9.0,18.0,0.5,2.0,5.0,0.4,0.0,1.0,0.0,0.0,6.0,6.0,5.0,1.0,1.0,3.0,1.0,20.0,21.0
14,0021900110,1610612762,UTA,Utah,1626220,Royce O'Neale,F,,28:13,1.0,2.0,0.5,1.0,1.0,1.0,2.0,2.0,1.0,0.0,4.0,4.0,1.0,1.0,1.0,1.0,1.0,5.0,15.0
15,0021900110,1610612762,UTA,Utah,203497,Rudy Gobert,C,,36:08,4.0,8.0,0.5,0.0,0.0,0.0,6.0,8.0,0.75,4.0,12.0,16.0,3.0,3.0,1.0,0.0,6.0,14.0,9.0
16,0021900110,1610612762,UTA,Utah,1628378,Donovan Mitchell,G,,35:26,10.0,23.0,0.435,1.0,4.0,0.25,3.0,6.0,0.5,4.0,1.0,5.0,8.0,1.0,0.0,4.0,2.0,24.0,-9.0
17,0021900110,1610612762,UTA,Utah,201144,Mike Conley,G,,34:16,6.0,15.0,0.4,1.0,3.0,0.333,2.0,3.0,0.667,2.0,4.0,6.0,2.0,2.0,1.0,4.0,0.0,15.0,19.0
18,0021900110,1610612762,UTA,Utah,204060,Joe Ingles,,,29:14,6.0,11.0,0.545,2.0,5.0,0.4,2.0,2.0,1.0,1.0,1.0,2.0,2.0,0.0,0.0,0.0,3.0,16.0,-8.0
19,0021900110,1610612762,UTA,Utah,201145,Jeff Green,,,18:33,1.0,6.0,0.167,1.0,4.0,0.25,0.0,0.0,0.0,0.0,6.0,6.0,0.0,0.0,0.0,1.0,1.0,3.0,-13.0
20,0021900110,1610612762,UTA,Utah,1627777,Georges Niang,,,10:51,0.0,1.0,0.0,0.0,0.0,0.0,1.0,2.0,0.5,0.0,2.0,2.0,0.0,0.0,0.0,0.0,4.0,1.0,-17.0
21,0021900110,1610612762,UTA,Utah,1628396,Tony Bradley,,,11:52,4.0,5.0,0.8,0.0,0.0,0.0,0.0,0.0,0.0,3.0,0.0,3.0,0.0,1.0,0.0,0.0,3.0,8.0,-7.0
22,0021900110,1610612762,UTA,Utah,1629714,Jarrell Brantley,,DNP - Coach's Decision                  ,,,,,,,,,,,,,,,,,,,,
23,0021900110,1610612762,UTA,Utah,1629742,Stanton Kidd,,DNP - Coach's Decision                  ,,,,,,,,,,,,,,,,,,,,
24,0021900110,1610612762,UTA,Utah,1629671,Miye Oni,,DNP - Coach's Decision                  ,,,,,,,,,,,,,,,,,,,,
25,0021900110,1610612762,UTA,Utah,1628430,Nigel Williams-Goss,,DNP - Coach's Decision                  ,,,,,,,,,,,,,,,,,,,,
0,0021900090,1610612762,UTA,Utah,202711,Bojan Bogdanovic,F,,34:58,7.0,17.0,0.412,3.0,9.0,0.333,2.0,3.0,0.667,0.0,3.0,3.0,4.0,1.0,1.0,4.0,5.0,19.0,3.0
1,0021900090,1610612762,UTA,Utah,1626220,Royce O'Neale,F,,34:20,0.0,4.0,0.0,0.0,2.0,0.0,0.0,0.0,0.0,1.0,3.0,4.0,2.0,0.0,1.0,1.0,5.0,0.0,-11.0
2,0021900090,1610612762,UTA,Utah,203497,Rudy Gobert,C,,34:03,4.0,8.0,0.5,0.0,0.0,0.0,4.0,6.0,0.667,2.0,12.0,14.0,0.0,0.0,0.0,0.0,4.0,12.0,3.0
3,0021900090,1610612762,UTA,Utah,1628378,Donovan Mitchell,G,,33:58,11.0,21.0,0.524,4.0,6.0,0.667,10.0,14.0,0.714,0.0,4.0,4.0,6.0,2.0,0.0,2.0,5.0,36.0,3.0
4,0021900090,1610612762,UTA,Utah,201144,Mike Conley,G,,35:22,2.0,10.0,0.2,0.0,2.0,0.0,4.0,5.0,0.8,0.0,1.0,1.0,1.0,0.0,0.0,5.0,3.0,8.0,3.0
5,0021900090,1610612762,UTA,Utah,204060,Joe Ingles,,,28:03,3.0,9.0,0.333,3.0,9.0,0.333,0.0,0.0,0.0,0.0,5.0,5.0,2.0,1.0,1.0,1.0,4.0,9.0,-12.0
6,0021900090,1610612762,UTA,Utah,1627777,Georges Niang,,,6:15,0.0,0.0,0.0,0.0,0.0,0.0,0.0,0.0,0.0,0.0,0.0,0.0,1.0,0.0,0.0,0.0,2.0,0.0,-4.0
7,0021900090,1610612762,UTA,Utah,201145,Jeff Green,,,19:04,1.0,4.0,0.25,0.0,3.0,0.0,0.0,0.0,0.0,0.0,1.0,1.0,0.0,0.0,1.0,0.0,0.0,2.0,-26.0
8,0021900090,1610612762,UTA,Utah,1628396,Tony Bradley,,,13:57,3.0,5.0,0.6,0.0,0.0,0.0,2.0,3.0,0.667,3.0,2.0,5.0,0.0,0.0,2.0,1.0,2.0,8.0,-14.0
9,0021900090,1610612762,UTA,Utah,1629714,Jarrell Brantley,,DNP - Coach's Decision                  ,,,,,,,,,,,,,,,,,,,,
10,0021900090,1610612762,UTA,Utah,1629742,Stanton Kidd,,DNP - Coach's Decision                  ,,,,,,,,,,,,,,,,,,,,
11,0021900090,1610612762,UTA,Utah,1629671,Miye Oni,,DNP - Coach's Decision                  ,,,,,,,,,,,,,,,,,,,,
12,0021900090,1610612762,UTA,Utah,1628430,Nigel Williams-Goss,,DNP - Coach's Decision                  ,,,,,,,,,,,,,,,,,,,,
0,0021900075,1610612762,UTA,Utah,202711,Bojan Bogdanovic,F,,35:44,6.0,12.0,0.5,3.0,4.0,0.75,2.0,2.0,1.0,0.0,6.0,6.0,2.0,1.0,1.0,3.0,2.0,17.0,-11.0
1,0021900075,1610612762,UTA,Utah,1626220,Royce O'Neale,F,,23:05,3.0,5.0,0.6,0.0,1.0,0.0,0.0,0.0,0.0,0.0,3.0,3.0,4.0,1.0,0.0,1.0,4.0,6.0,-25.0
2,0021900075,1610612762,UTA,Utah,203497,Rudy Gobert,C,,38:00,5.0,6.0,0.833,0.0,0.0,0.0,5.0,7.0,0.714,5.0,11.0,16.0,0.0,1.0,3.0,3.0,2.0,15.0,-7.0
3,0021900075,1610612762,UTA,Utah,1628378,Donovan Mitchell,G,,35:11,9.0,19.0,0.474,1.0,3.0,0.333,5.0,6.0,0.833,0.0,4.0,4.0,2.0,3.0,0.0,0.0,2.0,24.0,10.0
4,0021900075,1610612762,UTA,Utah,201144,Mike Conley,G,,33:06,5.0,13.0,0.385,3.0,9.0,0.333,6.0,8.0,0.75,1.0,3.0,4.0,4.0,4.0,0.0,4.0,2.0,19.0,-5.0
5,0021900075,1610612762,UTA,Utah,204060,Joe Ingles,,,29:46,2.0,6.0,0.333,2.0,5.0,0.4,0.0,0.0,0.0,0.0,2.0,2.0,3.0,0.0,0.0,1.0,2.0,6.0,11.0
6,0021900075,1610612762,UTA,Utah,201145,Jeff Green,,,22:36,2.0,6.0,0.333,2.0,5.0,0.4,2.0,2.0,1.0,0.0,0.0,0.0,1.0,1.0,0.0,2.0,2.0,8.0,7.0
7,0021900075,1610612762,UTA,Utah,1626144,Emmanuel Mudiay,,,14:46,3.0,5.0,0.6,0.0,1.0,0.0,0.0,2.0,0.0,0.0,0.0,0.0,2.0,1.0,1.0,3.0,0.0,6.0,6.0
8,0021900075,1610612762,UTA,Utah,202334,Ed Davis,,,7:46,0.0,1.0,0.0,0.0,0.0,0.0,0.0,0.0,0.0,0.0,1.0,1.0,0.0,0.0,0.0,0.0,2.0,0.0,9.0
9,0021900075,1610612762,UTA,Utah,1628396,Tony Bradley,,DNP - Coach's Decision                  ,,,,,,,,,,,,,,,,,,,,
10,0021900075,1610612762,UTA,Utah,1629742,Stanton Kidd,,DNP - Coach's Decision                  ,,,,,,,,,,,,,,,,,,,,
11,0021900075,1610612762,UTA,Utah,1627777,Georges Niang,,DNP - Coach's Decision                  ,,,,,,,,,,,,,,,,,,,,
12,0021900075,1610612762,UTA,Utah,1628430,Nigel Williams-Goss,,DNP - Coach's Decision                  ,,,,,,,,,,,,,,,,,,,,
13,0021900063,1610612762,UTA,Utah,202711,Bojan Bogdanovic,F,,30:41,5.0,11.0,0.455,2.0,5.0,0.4,2.0,2.0,1.0,0.0,4.0,4.0,2.0,0.0,0.0,4.0,3.0,14.0,0.0
14,0021900063,1610612762,UTA,Utah,1626220,Royce O'Neale,F,,23:43,0.0,0.0,0.0,0.0,0.0,0.0,0.0,0.0,0.0,0.0,4.0,4.0,1.0,1.0,0.0,1.0,1.0,0.0,5.0
15,0021900063,1610612762,UTA,Utah,203497,Rudy Gobert,C,,32:38,5.0,7.0,0.714,0.0,0.0,0.0,3.0,8.0,0.375,0.0,7.0,7.0,0.0,1.0,2.0,1.0,3.0,13.0,3.0
16,0021900063,1610612762,UTA,Utah,1628378,Donovan Mitchell,G,,34:59,10.0,17.0,0.588,0.0,2.0,0.0,4.0,4.0,1.0,0.0,5.0,5.0,2.0,2.0,0.0,2.0,3.0,24.0,8.0
17,0021900063,1610612762,UTA,Utah,201144,Mike Conley,G,,32:00,11.0,17.0,0.647,5.0,8.0,0.625,2.0,2.0,1.0,0.0,1.0,1.0,5.0,2.0,0.0,2.0,3.0,29.0,1.0
18,0021900063,1610612762,UTA,Utah,204060,Joe Ingles,,,31:03,4.0,8.0,0.5,2.0,4.0,0.5,0.0,0.0,0.0,0.0,2.0,2.0,7.0,2.0,0.0,1.0,3.0,10.0,27.0
19,0021900063,1610612762,UTA,Utah,201145,Jeff Green,,,19:28,3.0,8.0,0.375,2.0,4.0,0.5,0.0,0.0,0.0,0.0,1.0,1.0,0.0,3.0,1.0,0.0,1.0,8.0,8.0
20,0021900063,1610612762,UTA,Utah,1626144,Emmanuel Mudiay,,,16:00,4.0,9.0,0.444,0.0,1.0,0.0,0.0,0.0,0.0,0.0,3.0,3.0,5.0,1.0,1.0,1.0,0.0,8.0,13.0
21,0021900063,1610612762,UTA,Utah,202334,Ed Davis,,,14:00,2.0,3.0,0.667,0.0,0.0,0.0,0.0,0.0,0.0,3.0,6.0,9.0,1.0,0.0,1.0,1.0,1.0,4.0,13.0
22,0021900063,1610612762,UTA,Utah,1628396,Tony Bradley,,,1:22,0.0,0.0,0.0,0.0,0.0,0.0,0.0,0.0,0.0,0.0,0.0,0.0,0.0,0.0,0.0,0.0,0.0,0.0,-2.0
23,0021900063,1610612762,UTA,Utah,1629742,Stanton Kidd,,,1:22,0.0,0.0,0.0,0.0,0.0,0.0,0.0,0.0,0.0,0.0,0.0,0.0,0.0,0.0,0.0,0.0,0.0,0.0,-2.0
24,0021900063,1610612762,UTA,Utah,1628430,Nigel Williams-Goss,,,1:22,0.0,0.0,0.0,0.0,0.0,0.0,0.0,0.0,0.0,0.0,0.0,0.0,0.0,0.0,0.0,1.0,0.0,0.0,-2.0
25,0021900063,1610612762,UTA,Utah,1627777,Georges Niang,,,1:22,0.0,0.0,0.0,0.0,0.0,0.0,0.0,0.0,0.0,0.0,0.0,0.0,0.0,0.0,0.0,0.0,0.0,0.0,-2.0
0,0021900049,1610612762,UTA,Utah,202711,Bojan Bogdanovic,F,,37:19,8.0,13.0,0.615,4.0,8.0,0.5,9.0,9.0,1.0,1.0,4.0,5.0,2.0,2.0,1.0,5.0,3.0,29.0,3.0
1,0021900049,1610612762,UTA,Utah,1626220,Royce O'Neale,F,,31:44,3.0,7.0,0.429,1.0,4.0,0.25,0.0,0.0,0.0,0.0,4.0,4.0,4.0,0.0,2.0,0.0,1.0,7.0,10.0
2,0021900049,1610612762,UTA,Utah,203497,Rudy Gobert,C,,35:32,2.0,4.0,0.5,0.0,0.0,0.0,11.0,12.0,0.917,2.0,16.0,18.0,1.0,3.0,1.0,5.0,3.0,15.0,13.0
3,0021900049,1610612762,UTA,Utah,1628378,Donovan Mitchell,G,,37:06,9.0,24.0,0.375,3.0,8.0,0.375,4.0,8.0,0.5,1.0,1.0,2.0,3.0,2.0,0.0,3.0,4.0,25.0,-1.0
4,0021900049,1610612762,UTA,Utah,201144,Mike Conley,G,,20:10,0.0,7.0,0.0,0.0,3.0,0.0,1.0,2.0,0.5,0.0,2.0,2.0,1.0,0.0,1.0,3.0,5.0,1.0,-3.0
5,0021900049,1610612762,UTA,Utah,1626144,Emmanuel Mudiay,,,16:53,1.0,3.0,0.333,0.0,0.0,0.0,4.0,4.0,1.0,0.0,3.0,3.0,3.0,0.0,0.0,2.0,1.0,6.0,8.0
6,0021900049,1610612762,UTA,Utah,204060,Joe Ingles,,,25:37,1.0,6.0,0.167,1.0,5.0,0.2,0.0,0.0,0.0,1.0,8.0,9.0,5.0,1.0,0.0,3.0,3.0,3.0,-3.0
7,0021900049,1610612762,UTA,Utah,201145,Jeff Green,,,14:03,2.0,4.0,0.5,1.0,1.0,1.0,3.0,4.0,0.75,0.0,1.0,1.0,0.0,0.0,0.0,0.0,2.0,8.0,-7.0
8,0021900049,1610612762,UTA,Utah,202334,Ed Davis,,,12:28,0.0,0.0,0.0,0.0,0.0,0.0,0.0,0.0,0.0,1.0,3.0,4.0,0.0,0.0,0.0,1.0,2.0,0.0,-12.0
9,0021900049,1610612762,UTA,Utah,1627777,Georges Niang,,,9:08,1.0,3.0,0.333,0.0,2.0,0.0,0.0,0.0,0.0,0.0,1.0,1.0,0.0,0.0,0.0,1.0,2.0,2.0,-3.0
10,0021900049,1610612762,UTA,Utah,1628396,Tony Bradley,,DNP - Coach's Decision                  ,,,,,,,,,,,,,,,,,,,,
11,0021900049,1610612762,UTA,Utah,1629742,Stanton Kidd,,DNP - Coach's Decision                  ,,,,,,,,,,,,,,,,,,,,
12,0021900049,1610612762,UTA,Utah,1628430,Nigel Williams-Goss,,DNP - Coach's Decision                  ,,,,,,,,,,,,,,,,,,,,
13,0021900034,1610612762,UTA,Utah,202711,Bojan Bogdanovic,F,,24:19,10.0,18.0,0.556,5.0,9.0,0.556,1.0,1.0,1.0,0.0,4.0,4.0,1.0,1.0,0.0,1.0,3.0,26.0,32.0
14,0021900034,1610612762,UTA,Utah,1626220,Royce O'Neale,F,,22:57,3.0,3.0,1.0,1.0,1.0,1.0,0.0,0.0,0.0,0.0,4.0,4.0,3.0,1.0,0.0,2.0,3.0,7.0,17.0
15,0021900034,1610612762,UTA,Utah,203497,Rudy Gobert,C,,25:03,3.0,3.0,1.0,0.0,0.0,0.0,0.0,0.0,0.0,1.0,5.0,6.0,2.0,0.0,1.0,4.0,3.0,6.0,16.0
16,0021900034,1610612762,UTA,Utah,1628378,Donovan Mitchell,G,,25:35,6.0,9.0,0.667,3.0,3.0,1.0,0.0,0.0,0.0,0.0,1.0,1.0,4.0,1.0,0.0,1.0,1.0,15.0,36.0
17,0021900034,1610612762,UTA,Utah,201144,Mike Conley,G,,24:12,5.0,11.0,0.455,2.0,6.0,0.333,0.0,0.0,0.0,0.0,3.0,3.0,8.0,0.0,0.0,2.0,1.0,12.0,26.0
18,0021900034,1610612762,UTA,Utah,204060,Joe Ingles,,,25:27,2.0,5.0,0.4,2.0,5.0,0.4,2.0,2.0,1.0,0.0,4.0,4.0,3.0,3.0,0.0,1.0,1.0,8.0,10.0
19,0021900034,1610612762,UTA,Utah,201145,Jeff Green,,,18:05,3.0,5.0,0.6,3.0,4.0,0.75,0.0,2.0,0.0,0.0,3.0,3.0,1.0,0.0,0.0,1.0,1.0,9.0,1.0
20,0021900034,1610612762,UTA,Utah,1626144,Emmanuel Mudiay,,,23:48,4.0,11.0,0.364,0.0,3.0,0.0,2.0,2.0,1.0,1.0,3.0,4.0,4.0,0.0,0.0,4.0,4.0,10.0,6.0
21,0021900034,1610612762,UTA,Utah,202334,Ed Davis,,,18:15,1.0,1.0,1.0,0.0,0.0,0.0,0.0,2.0,0.0,0.0,7.0,7.0,0.0,0.0,0.0,1.0,2.0,2.0,14.0
22,0021900034,1610612762,UTA,Utah,1627777,Georges Niang,,,15:30,5.0,7.0,0.714,2.0,4.0,0.5,0.0,0.0,0.0,0.0,3.0,3.0,1.0,0.0,0.0,1.0,0.0,12.0,1.0
23,0021900034,1610612762,UTA,Utah,1629742,Stanton Kidd,,,7:25,0.0,2.0,0.0,0.0,1.0,0.0,0.0,0.0,0.0,0.0,2.0,2.0,0.0,0.0,0.0,2.0,1.0,0.0,-3.0
24,0021900034,1610612762,UTA,Utah,1628430,Nigel Williams-Goss,,,4:42,0.0,1.0,0.0,0.0,1.0,0.0,0.0,0.0,0.0,0.0,0.0,0.0,1.0,0.0,0.0,0.0,1.0,0.0,2.0
25,0021900034,1610612762,UTA,Utah,1628396,Tony Bradley,,,4:42,2.0,2.0,1.0,0.0,0.0,0.0,2.0,3.0,0.667,0.0,2.0,2.0,0.0,0.0,0.0,1.0,1.0,6.0,2.0
0,0021900025,1610612762,UTA,Utah,204060,Joe Ingles,F,,28:22,1.0,2.0,0.5,0.0,1.0,0.0,0.0,0.0,0.0,0.0,3.0,3.0,4.0,0.0,0.0,2.0,3.0,2.0,-9.0
1,0021900025,1610612762,UTA,Utah,201145,Jeff Green,F,,23:23,2.0,7.0,0.286,1.0,2.0,0.5,0.0,0.0,0.0,0.0,3.0,3.0,1.0,1.0,0.0,3.0,3.0,5.0,2.0
2,0021900025,1610612762,UTA,Utah,203497,Rudy Gobert,C,,32:24,4.0,8.0,0.5,0.0,0.0,0.0,0.0,1.0,0.0,0.0,9.0,9.0,3.0,2.0,0.0,3.0,3.0,8.0,-2.0
3,0021900025,1610612762,UTA,Utah,1628378,Donovan Mitchell,G,,33:58,7.0,15.0,0.467,0.0,2.0,0.0,10.0,10.0,1.0,0.0,5.0,5.0,3.0,3.0,1.0,1.0,2.0,24.0,-3.0
4,0021900025,1610612762,UTA,Utah,201144,Mike Conley,G,,31:15,3.0,11.0,0.273,1.0,5.0,0.2,6.0,6.0,1.0,1.0,3.0,4.0,3.0,0.0,0.0,4.0,1.0,13.0,-14.0
5,0021900025,1610612762,UTA,Utah,1626220,Royce O'Neale,,,26:42,3.0,8.0,0.375,2.0,5.0,0.4,0.0,0.0,0.0,0.0,3.0,3.0,0.0,0.0,0.0,2.0,4.0,8.0,-17.0
6,0021900025,1610612762,UTA,Utah,1626144,Emmanuel Mudiay,,,15:32,5.0,10.0,0.5,2.0,5.0,0.4,0.0,0.0,0.0,0.0,2.0,2.0,2.0,1.0,0.0,4.0,2.0,12.0,5.0
7,0021900025,1610612762,UTA,Utah,1627777,Georges Niang,,,23:02,2.0,5.0,0.4,2.0,5.0,0.4,4.0,4.0,1.0,0.0,2.0,2.0,1.0,0.0,0.0,2.0,4.0,10.0,-14.0
8,0021900025,1610612762,UTA,Utah,202334,Ed Davis,,,10:08,1.0,2.0,0.5,0.0,0.0,0.0,0.0,0.0,0.0,2.0,2.0,4.0,0.0,1.0,0.0,1.0,2.0,2.0,-15.0
9,0021900025,1610612762,UTA,Utah,1628396,Tony Bradley,,,5:28,1.0,1.0,1.0,0.0,0.0,0.0,0.0,0.0,0.0,0.0,2.0,2.0,0.0,0.0,0.0,0.0,0.0,2.0,8.0
10,0021900025,1610612762,UTA,Utah,1629742,Stanton Kidd,,,4:39,0.0,1.0,0.0,0.0,0.0,0.0,0.0,0.0,0.0,0.0,0.0,0.0,1.0,0.0,0.0,0.0,1.0,0.0,7.0
11,0021900025,1610612762,UTA,Utah,1629714,Jarrell Brantley,,,4:39,0.0,0.0,0.0,0.0,0.0,0.0,0.0,0.0,0.0,0.0,3.0,3.0,1.0,0.0,1.0,0.0,0.0,0.0,7.0
12,0021900025,1610612762,UTA,Utah,1628430,Nigel Williams-Goss,,,0:28,0.0,0.0,0.0,0.0,0.0,0.0,0.0,0.0,0.0,0.0,0.0,0.0,0.0,0.0,0.0,0.0,0.0,0.0,0.0
13,0021900011,1610612762,UTA,Utah,202711,Bojan Bogdanovic,F,,23:54,6.0,14.0,0.429,1.0,5.0,0.2,3.0,3.0,1.0,0.0,3.0,3.0,0.0,1.0,0.0,0.0,2.0,16.0,2.0
14,0021900011,1610612762,UTA,Utah,1626220,Royce O'Neale,F,,30:07,6.0,6.0,1.0,2.0,2.0,1.0,0.0,0.0,0.0,0.0,5.0,5.0,0.0,1.0,0.0,1.0,4.0,14.0,-2.0
15,0021900011,1610612762,UTA,Utah,203497,Rudy Gobert,C,,37:55,3.0,6.0,0.5,0.0,0.0,0.0,1.0,3.0,0.333,3.0,11.0,14.0,0.0,0.0,1.0,4.0,5.0,7.0,13.0
16,0021900011,1610612762,UTA,Utah,1628378,Donovan Mitchell,G,,36:24,14.0,22.0,0.636,1.0,3.0,0.333,3.0,4.0,0.75,5.0,7.0,12.0,3.0,1.0,0.0,1.0,4.0,32.0,9.0
17,0021900011,1610612762,UTA,Utah,201144,Mike Conley,G,,26:43,1.0,16.0,0.063,0.0,6.0,0.0,3.0,4.0,0.75,0.0,0.0,0.0,5.0,1.0,0.0,2.0,5.0,5.0,1.0
18,0021900011,1610612762,UTA,Utah,204060,Joe Ingles,,,32:39,3.0,8.0,0.375,1.0,4.0,0.25,0.0,0.0,0.0,0.0,4.0,4.0,1.0,0.0,0.0,1.0,2.0,7.0,8.0
19,0021900011,1610612762,UTA,Utah,1626144,Emmanuel Mudiay,,,22:59,6.0,11.0,0.545,0.0,1.0,0.0,0.0,0.0,0.0,0.0,2.0,2.0,5.0,0.0,1.0,0.0,2.0,12.0,4.0
20,0021900011,1610612762,UTA,Utah,201145,Jeff Green,,,16:34,1.0,4.0,0.25,1.0,3.0,0.333,2.0,4.0,0.5,0.0,2.0,2.0,1.0,0.0,1.0,1.0,2.0,5.0,-4.0
21,0021900011,1610612762,UTA,Utah,202334,Ed Davis,,,10:05,0.0,3.0,0.0,0.0,0.0,0.0,2.0,2.0,1.0,3.0,3.0,6.0,0.0,0.0,2.0,1.0,5.0,2.0,-8.0
22,0021900011,1610612762,UTA,Utah,1627777,Georges Niang,,,2:40,0.0,0.0,0.0,0.0,0.0,0.0,0.0,0.0,0.0,0.0,1.0,1.0,0.0,0.0,0.0,0.0,0.0,0.0,2.0
23,0021900011,1610612762,UTA,Utah,1628396,Tony Bradley,,DNP - Coach's Decision                  ,,,,,,,,,,,,,,,,,,,,
24,0021900011,1610612762,UTA,Utah,1629742,Stanton Kidd,,DNP - Coach's Decision                  ,,,,,,,,,,,,,,,,,,,,
25,0021900011,1610612762,UTA,Utah,1628430,Nigel Williams-Goss,,DNP - Coach's Decision                  ,,,,,,,,,,,,,,,,,,,,
